period,city,買賣,拍賣,繼承,贈與
098Q1,區域別總計,68557,4476,8407,8989
098Q1,南投縣,503,80,172,122
098Q1,嘉義市,692,83,149,109
098Q1,嘉義縣,494,79,138,99
098Q1,基隆市,1240,119,178,144
098Q1,宜蘭縣,1248,96,186,138
098Q1,屏東縣,956,160,290,174
098Q1,彰化縣,1370,139,280,268
098Q1,新北市,18108,558,1521,1952
098Q1,新竹市,2990,50,140,177
098Q1,新竹縣,1826,54,119,191
098Q1,桃園市,6794,512,630,759
098Q1,澎湖縣,100,3,60,34
098Q1,臺中市,7953,625,900,1041
098Q1,臺北市,11241,219,1411,1952
098Q1,臺南市,4190,572,618,524
098Q1,臺東縣,306,36,71,52
098Q1,花蓮縣,765,114,132,137
098Q1,苗栗縣,812,114,200,143
098Q1,連江縣,0,0,0,0
098Q1,金門縣,61,2,8,21
098Q1,雲林縣,728,69,146,117
098Q1,高雄市,6180,792,1058,835
098Q2,區域別總計,100789,8474,9633,8024
098Q2,南投縣,661,89,193,143
098Q2,嘉義市,896,127,168,94
098Q2,嘉義縣,728,136,135,101
098Q2,基隆市,1652,291,198,182
098Q2,宜蘭縣,1598,243,211,174
098Q2,屏東縣,1153,1169,283,185
098Q2,彰化縣,2061,246,343,266
098Q2,新北市,26240,1123,1711,1606
098Q2,新竹市,2994,83,154,179
098Q2,新竹縣,2959,115,125,158
098Q2,桃園市,11176,822,768,816
098Q2,澎湖縣,117,5,69,49
098Q2,臺中市,12405,1110,1005,950
098Q2,臺北市,16685,410,1710,1440
098Q2,臺南市,5904,673,724,453
098Q2,臺東縣,553,52,74,65
098Q2,花蓮縣,1051,138,152,121
098Q2,苗栗縣,1221,236,216,170
098Q2,連江縣,0,0,0,0
098Q2,金門縣,55,0,23,17
098Q2,雲林縣,916,111,218,126
098Q2,高雄市,9764,1295,1153,729
098Q3,區域別總計,111946,8239,9271,7740
098Q3,南投縣,756,134,166,129
098Q3,嘉義市,879,121,129,95
098Q3,嘉義縣,662,120,131,77
098Q3,基隆市,2151,204,199,170
098Q3,宜蘭縣,1413,216,195,182
098Q3,屏東縣,1226,226,267,199
098Q3,彰化縣,1926,273,312,227
098Q3,新北市,33077,1033,1681,1695
098Q3,新竹市,3760,73,158,168
098Q3,新竹縣,2871,159,125,151
098Q3,桃園市,12042,1289,682,677
098Q3,澎湖縣,87,5,74,31
098Q3,臺中市,13298,945,989,872
098Q3,臺北市,18305,384,1603,1451
098Q3,臺南市,5678,674,657,379
098Q3,臺東縣,361,74,84,73
098Q3,花蓮縣,1068,123,163,126
098Q3,苗栗縣,1225,457,194,141
098Q3,連江縣,0,0,0,0
098Q3,金門縣,49,2,18,14
098Q3,雲林縣,1056,156,219,96
098Q3,高雄市,10056,1571,1225,787
098Q4,區域別總計,107006,7524,9268,8503
098Q4,南投縣,671,216,166,121
098Q4,嘉義市,1075,101,116,98
098Q4,嘉義縣,599,149,115,97
098Q4,基隆市,1703,237,227,161
098Q4,宜蘭縣,1444,146,194,174
098Q4,屏東縣,1221,287,257,167
098Q4,彰化縣,1631,263,322,220
098Q4,新北市,29231,808,1643,1743
098Q4,新竹市,3613,89,162,165
098Q4,新竹縣,2299,85,122,160
098Q4,桃園市,12522,1263,780,758
098Q4,澎湖縣,101,9,85,38
098Q4,臺中市,13977,855,1039,1025
098Q4,臺北市,17380,290,1580,1836
098Q4,臺南市,5592,688,701,441
098Q4,臺東縣,333,57,72,69
098Q4,花蓮縣,1084,102,161,125
098Q4,苗栗縣,1662,104,189,149
098Q4,連江縣,0,0,0,0
098Q4,金門縣,84,3,10,16
098Q4,雲林縣,937,206,178,123
098Q4,高雄市,9847,1566,1149,817
099Q1,區域別總計,95340,6061,8678,10187
099Q1,南投縣,563,125,114,124
099Q1,嘉義市,773,79,122,102
099Q1,嘉義縣,762,91,116,113
099Q1,基隆市,1691,169,184,133
099Q1,宜蘭縣,1389,111,156,164
099Q1,屏東縣,1111,241,325,184
099Q1,彰化縣,1536,210,293,251
099Q1,新北市,25635,651,1568,2116
099Q1,新竹市,3258,50,163,240
099Q1,新竹縣,2142,59,135,209
099Q1,桃園市,10631,1107,650,811
099Q1,澎湖縣,98,4,75,34
099Q1,臺中市,12567,756,975,1100
099Q1,臺北市,16299,241,1514,2814
099Q1,臺南市,4981,566,726,464
099Q1,臺東縣,358,40,55,51
099Q1,花蓮縣,907,111,136,110
099Q1,苗栗縣,1090,99,202,130
099Q1,連江縣,0,0,0,0
099Q1,金門縣,72,2,13,18
099Q1,雲林縣,775,120,160,132
099Q1,高雄市,8702,1229,996,887
099Q2,區域別總計,105120,6090,10003,8441
099Q2,南投縣,696,123,155,130
099Q2,嘉義市,939,75,157,70
099Q2,嘉義縣,636,81,140,85
099Q2,基隆市,1840,265,210,161
099Q2,宜蘭縣,1606,118,224,150
099Q2,屏東縣,1275,234,323,194
099Q2,彰化縣,1992,214,339,237
099Q2,新北市,28540,601,1886,1933
099Q2,新竹市,2883,133,154,181
099Q2,新竹縣,2647,88,130,175
099Q2,桃園市,11639,1091,813,736
099Q2,澎湖縣,98,3,96,34
099Q2,臺中市,13305,548,1057,988
099Q2,臺北市,17114,355,1683,1640
099Q2,臺南市,5806,636,740,437
099Q2,臺東縣,382,29,89,80
099Q2,花蓮縣,1095,129,139,130
099Q2,苗栗縣,1215,117,211,129
099Q2,連江縣,0,0,0,0
099Q2,金門縣,86,0,13,14
099Q2,雲林縣,899,136,212,98
099Q2,高雄市,10427,1114,1232,839
099Q3,區域別總計,94428,4888,10051,7990
099Q3,南投縣,621,97,178,126
099Q3,嘉義市,911,64,141,99
099Q3,嘉義縣,582,61,145,151
099Q3,基隆市,1830,148,267,181
099Q3,宜蘭縣,1522,109,222,155
099Q3,屏東縣,1177,178,270,180
099Q3,彰化縣,1725,179,361,237
099Q3,新北市,24531,442,1790,1851
099Q3,新竹市,2476,63,180,213
099Q3,新竹縣,2117,76,129,157
099Q3,桃園市,12065,872,751,724
099Q3,澎湖縣,109,2,96,30
099Q3,臺中市,12928,546,1054,921
099Q3,臺北市,13436,241,1792,1356
099Q3,臺南市,5210,441,811,402
099Q3,臺東縣,339,69,60,52
099Q3,花蓮縣,1105,146,170,125
099Q3,苗栗縣,1023,96,239,135
099Q3,連江縣,0,0,0,0
099Q3,金門縣,98,1,17,8
099Q3,雲林縣,829,124,192,114
099Q3,高雄市,9794,933,1186,773
099Q4,區域別總計,111801,5139,10274,8943
099Q4,南投縣,775,119,173,172
099Q4,嘉義市,981,122,139,113
099Q4,嘉義縣,634,69,140,91
099Q4,基隆市,2324,277,196,153
099Q4,宜蘭縣,1635,118,191,178
099Q4,屏東縣,1610,161,312,208
099Q4,彰化縣,2235,202,310,266
099Q4,新北市,29536,496,1815,2042
099Q4,新竹市,3017,37,204,192
099Q4,新竹縣,2511,78,129,161
099Q4,桃園市,13636,880,928,790
099Q4,澎湖縣,150,4,97,37
099Q4,臺中市,15339,509,1086,1001
099Q4,臺北市,16495,205,1837,1820
099Q4,臺南市,5732,481,815,463
099Q4,臺東縣,397,35,111,66
099Q4,花蓮縣,1298,113,153,122
099Q4,苗栗縣,1311,136,184,123
099Q4,連江縣,0,0,0,0
099Q4,金門縣,89,0,10,17
099Q4,雲林縣,1146,125,180,124
099Q4,高雄市,10950,972,1264,804
100Q1,區域別總計,104529,4628,9436,11162
100Q1,南投縣,691,102,158,122
100Q1,嘉義市,982,62,131,108
100Q1,嘉義縣,667,82,141,117
100Q1,基隆市,1876,360,197,187
100Q1,宜蘭縣,1414,62,177,201
100Q1,屏東縣,1447,232,268,197
100Q1,彰化縣,1829,121,293,280
100Q1,新北市,26228,314,1732,2395
100Q1,新竹市,3138,48,159,225
100Q1,新竹縣,2923,54,155,223
100Q1,桃園市,12328,797,768,883
100Q1,澎湖縣,131,1,86,45
100Q1,臺中市,14839,310,1058,1085
100Q1,臺北市,16147,204,1554,3011
100Q1,臺南市,5447,403,726,536
100Q1,臺東縣,461,281,69,60
100Q1,花蓮縣,1171,143,144,149
100Q1,苗栗縣,1135,68,183,140
100Q1,連江縣,0,0,0,0
100Q1,金門縣,88,0,29,29
100Q1,雲林縣,989,110,189,108
100Q1,高雄市,10598,874,1219,1061
100Q2,區域別總計,96013,3734,11070,9237
100Q2,南投縣,827,89,200,157
100Q2,嘉義市,1039,37,198,118
100Q2,嘉義縣,638,147,175,92
100Q2,基隆市,1707,123,220,215
100Q2,宜蘭縣,1482,272,257,189
100Q2,屏東縣,1442,200,312,212
100Q2,彰化縣,2027,169,387,236
100Q2,新北市,21967,304,2002,2079
100Q2,新竹市,2978,35,168,194
100Q2,新竹縣,3174,74,152,172
100Q2,桃園市,12089,479,950,938
100Q2,澎湖縣,130,3,109,30
100Q2,臺中市,13715,331,1212,1091
100Q2,臺北市,13053,155,1852,1507
100Q2,臺南市,5949,425,908,581
100Q2,臺東縣,415,22,84,64
100Q2,花蓮縣,1141,63,151,123
100Q2,苗栗縣,1248,69,218,165
100Q2,連江縣,0,0,0,0
100Q2,金門縣,99,2,7,19
100Q2,雲林縣,960,103,200,118
100Q2,高雄市,9933,632,1308,937
100Q3,區域別總計,82664,3259,10800,8987
100Q3,南投縣,599,67,168,150
100Q3,嘉義市,844,47,161,180
100Q3,嘉義縣,596,35,152,91
100Q3,基隆市,1701,127,263,188
100Q3,宜蘭縣,1572,72,219,163
100Q3,屏東縣,1061,124,297,205
100Q3,彰化縣,1799,120,393,242
100Q3,新北市,19146,305,2034,1990
100Q3,新竹市,2921,24,234,184
100Q3,新竹縣,2842,61,159,205
100Q3,桃園市,10707,445,812,872
100Q3,澎湖縣,86,3,109,36
100Q3,臺中市,11399,338,1067,999
100Q3,臺北市,10613,201,1886,1542
100Q3,臺南市,4878,305,791,509
100Q3,臺東縣,381,63,86,59
100Q3,花蓮縣,855,73,170,144
100Q3,苗栗縣,1115,61,242,152
100Q3,連江縣,0,0,0,0
100Q3,金門縣,86,0,12,21
100Q3,雲林縣,844,137,201,150
100Q3,高雄市,8619,651,1344,905
100Q4,區域別總計,78498,2801,9892,10269
100Q4,南投縣,747,111,182,179
100Q4,嘉義市,861,32,169,145
100Q4,嘉義縣,638,50,136,164
100Q4,基隆市,1525,118,240,185
100Q4,宜蘭縣,1522,55,238,175
100Q4,屏東縣,1364,120,321,199
100Q4,彰化縣,1576,150,341,282
100Q4,新北市,16677,189,1691,2291
100Q4,新竹市,3161,36,180,267
100Q4,新竹縣,2790,34,129,211
100Q4,桃園市,10454,371,773,923
100Q4,澎湖縣,91,2,74,37
100Q4,臺中市,9837,285,1111,1202
100Q4,臺北市,10105,192,1621,1885
100Q4,臺南市,5110,318,787,573
100Q4,臺東縣,357,15,83,85
100Q4,花蓮縣,852,41,157,179
100Q4,苗栗縣,1478,54,213,181
100Q4,連江縣,0,0,0,0
100Q4,金門縣,40,0,22,17
100Q4,雲林縣,994,98,231,130
100Q4,高雄市,8319,530,1193,959
101Q1,區域別總計,63907,2330,10194,12902
101Q1,南投縣,629,91,164,175
101Q1,嘉義市,789,29,165,139
101Q1,嘉義縣,533,38,165,176
101Q1,基隆市,1046,98,199,189
101Q1,宜蘭縣,1272,36,207,188
101Q1,屏東縣,1135,112,336,253
101Q1,彰化縣,1293,118,332,334
101Q1,新北市,12165,223,1837,2823
101Q1,新竹市,2163,14,204,215
101Q1,新竹縣,2304,32,141,239
101Q1,桃園市,8880,311,876,1033
101Q1,澎湖縣,89,5,72,55
101Q1,臺中市,9140,241,1049,1483
101Q1,臺北市,7715,157,1748,3205
101Q1,臺南市,4523,220,807,673
101Q1,臺東縣,324,19,65,68
101Q1,花蓮縣,797,48,175,136
101Q1,苗栗縣,781,31,209,196
101Q1,連江縣,0,0,0,0
101Q1,金門縣,45,0,29,14
101Q1,雲林縣,785,72,216,134
101Q1,高雄市,7499,435,1198,1174
101Q2,區域別總計,94148,2548,10895,11047
101Q2,南投縣,745,74,191,184
101Q2,嘉義市,960,26,161,135
101Q2,嘉義縣,735,50,146,139
101Q2,基隆市,1735,88,278,248
101Q2,宜蘭縣,2151,48,230,187
101Q2,屏東縣,1434,126,292,316
101Q2,彰化縣,1872,77,359,295
101Q2,新北市,19679,217,1873,2486
101Q2,新竹市,3529,23,300,346
101Q2,新竹縣,2897,35,180,193
101Q2,桃園市,12967,353,877,961
101Q2,澎湖縣,101,4,112,50
101Q2,臺中市,13057,478,1186,1254
101Q2,臺北市,10834,96,1861,1954
101Q2,臺南市,5546,242,769,654
101Q2,臺東縣,487,34,99,78
101Q2,花蓮縣,1063,45,162,151
101Q2,苗栗縣,1371,40,233,186
101Q2,連江縣,0,0,0,0
101Q2,金門縣,71,1,28,22
101Q2,雲林縣,1003,68,211,136
101Q2,高雄市,11911,423,1347,1072
101Q3,區域別總計,83453,2400,11156,10906
101Q3,南投縣,654,90,198,287
101Q3,嘉義市,829,29,133,132
101Q3,嘉義縣,580,44,153,145
101Q3,基隆市,1608,103,230,208
101Q3,宜蘭縣,1504,41,231,185
101Q3,屏東縣,1237,87,367,244
101Q3,彰化縣,1772,57,389,300
101Q3,新北市,17814,264,2008,2340
101Q3,新竹市,2285,48,195,216
101Q3,新竹縣,2886,35,146,222
101Q3,桃園市,11787,357,983,1077
101Q3,澎湖縣,68,9,131,50
101Q3,臺中市,11956,306,1065,1366
101Q3,臺北市,10328,170,1997,1710
101Q3,臺南市,5004,206,884,646
101Q3,臺東縣,350,12,77,95
101Q3,花蓮縣,1003,34,146,151
101Q3,苗栗縣,1233,23,237,173
101Q3,連江縣,1,0,0,0
101Q3,金門縣,61,0,29,13
101Q3,雲林縣,1004,79,222,152
101Q3,高雄市,9489,406,1335,1194
101Q4,區域別總計,87366,2269,10780,12097
101Q4,南投縣,713,67,207,186
101Q4,嘉義市,830,23,165,182
101Q4,嘉義縣,670,73,150,125
101Q4,基隆市,1647,90,266,274
101Q4,宜蘭縣,1614,18,209,179
101Q4,屏東縣,1360,118,315,329
101Q4,彰化縣,1807,95,418,363
101Q4,新北市,19529,193,2089,2574
101Q4,新竹市,3213,31,201,217
101Q4,新竹縣,2793,39,126,227
101Q4,桃園市,11385,273,808,1076
101Q4,澎湖縣,149,4,135,79
101Q4,臺中市,11753,224,1127,1360
101Q4,臺北市,9694,122,1745,2192
101Q4,臺南市,5851,206,791,724
101Q4,臺東縣,440,26,87,102
101Q4,花蓮縣,1034,47,154,186
101Q4,苗栗縣,1144,44,220,197
101Q4,連江縣,2,0,0,5
101Q4,金門縣,81,2,27,22
101Q4,雲林縣,931,60,212,168
101Q4,高雄市,10726,514,1328,1330
102Q1,區域別總計,79392,1978,10139,15363
102Q1,南投縣,862,62,254,222
102Q1,嘉義市,883,46,154,172
102Q1,嘉義縣,612,37,155,196
102Q1,基隆市,1452,84,241,214
102Q1,宜蘭縣,1404,36,206,221
102Q1,屏東縣,1243,97,317,312
102Q1,彰化縣,1620,70,384,420
102Q1,新北市,16391,199,1789,3133
102Q1,新竹市,2758,26,176,287
102Q1,新竹縣,2987,27,138,288
102Q1,桃園市,10712,204,788,1345
102Q1,澎湖縣,107,4,99,52
102Q1,臺中市,10811,189,1040,1815
102Q1,臺北市,9201,160,1655,3426
102Q1,臺南市,5376,197,866,885
102Q1,臺東縣,370,14,72,104
102Q1,花蓮縣,954,41,148,152
102Q1,苗栗縣,1147,50,215,216
102Q1,連江縣,0,0,0,0
102Q1,金門縣,102,1,26,24
102Q1,雲林縣,947,65,203,150
102Q1,高雄市,9453,369,1213,1729
102Q2,區域別總計,100238,2267,11323,11827
102Q2,南投縣,904,59,215,189
102Q2,嘉義市,999,26,168,141
102Q2,嘉義縣,926,41,168,272
102Q2,基隆市,1955,90,248,200
102Q2,宜蘭縣,1727,20,238,242
102Q2,屏東縣,1544,106,340,388
102Q2,彰化縣,1847,73,384,351
102Q2,新北市,21725,166,2132,2327
102Q2,新竹市,2335,18,240,184
102Q2,新竹縣,3168,121,178,233
102Q2,桃園市,14594,260,901,1159
102Q2,澎湖縣,105,1,102,28
102Q2,臺中市,13997,366,1184,1340
102Q2,臺北市,10846,157,1898,1750
102Q2,臺南市,6543,205,857,694
102Q2,臺東縣,447,14,97,105
102Q2,花蓮縣,1408,40,174,168
102Q2,苗栗縣,1728,61,226,240
102Q2,連江縣,0,0,0,0
102Q2,金門縣,106,3,8,14
102Q2,雲林縣,1083,61,196,202
102Q2,高雄市,12251,379,1369,1600
102Q3,區域別總計,96173,2003,11359,11206
102Q3,南投縣,790,37,197,212
102Q3,嘉義市,929,29,156,122
102Q3,嘉義縣,719,32,160,143
102Q3,基隆市,2779,87,205,217
102Q3,宜蘭縣,1832,36,235,173
102Q3,屏東縣,1426,119,320,298
102Q3,彰化縣,2144,87,442,417
102Q3,新北市,21320,181,2239,2323
102Q3,新竹市,2956,19,182,211
102Q3,新竹縣,2998,33,186,228
102Q3,桃園市,13215,404,916,1157
102Q3,澎湖縣,75,2,106,51
102Q3,臺中市,14084,181,1256,1387
102Q3,臺北市,9918,104,1874,1706
102Q3,臺南市,5439,184,851,620
102Q3,臺東縣,542,15,132,104
102Q3,花蓮縣,1364,34,151,155
102Q3,苗栗縣,1410,75,242,189
102Q3,連江縣,0,0,0,0
102Q3,金門縣,46,1,32,32
102Q3,雲林縣,897,58,215,162
102Q3,高雄市,11290,285,1262,1299
102Q4,區域別總計,96089,1845,11322,13287
102Q4,南投縣,933,36,223,152
102Q4,嘉義市,1079,110,157,163
102Q4,嘉義縣,822,23,147,152
102Q4,基隆市,2435,110,267,293
102Q4,宜蘭縣,1878,33,219,188
102Q4,屏東縣,1463,80,337,358
102Q4,彰化縣,2206,74,371,390
102Q4,新北市,21165,158,2089,2829
102Q4,新竹市,2946,22,217,294
102Q4,新竹縣,3087,24,168,226
102Q4,桃園市,12349,185,879,1390
102Q4,澎湖縣,93,18,92,53
102Q4,臺中市,14803,190,1211,1701
102Q4,臺北市,9531,105,1883,2185
102Q4,臺南市,6020,179,842,783
102Q4,臺東縣,422,21,138,140
102Q4,花蓮縣,1274,25,159,176
102Q4,苗栗縣,1587,43,223,199
102Q4,連江縣,0,0,0,0
102Q4,金門縣,76,0,22,15
102Q4,雲林縣,1159,48,244,174
102Q4,高雄市,10761,361,1434,1426
103Q1,區域別總計,78812,1546,10973,16546
103Q1,南投縣,778,39,218,196
103Q1,嘉義市,782,19,162,186
103Q1,嘉義縣,710,30,181,162
103Q1,基隆市,1474,77,231,222
103Q1,宜蘭縣,1809,36,264,306
103Q1,屏東縣,1329,69,317,526
103Q1,彰化縣,1755,76,378,425
103Q1,新北市,14745,219,2044,3228
103Q1,新竹市,2170,37,215,321
103Q1,新竹縣,4331,32,201,539
103Q1,桃園市,10556,122,839,1465
103Q1,澎湖縣,78,4,76,54
103Q1,臺中市,11230,120,1042,1943
103Q1,臺北市,8214,121,1942,3796
103Q1,臺南市,4858,165,820,875
103Q1,臺東縣,359,17,101,147
103Q1,花蓮縣,1009,28,131,164
103Q1,苗栗縣,1622,18,196,206
103Q1,連江縣,1,1,0,0
103Q1,金門縣,158,0,14,18
103Q1,雲林縣,935,44,211,186
103Q1,高雄市,9909,272,1390,1581
103Q2,區域別總計,85850,1689,12329,11749
103Q2,南投縣,886,32,237,211
103Q2,嘉義市,887,31,185,160
103Q2,嘉義縣,716,36,174,138
103Q2,基隆市,1898,53,307,264
103Q2,宜蘭縣,1939,44,259,170
103Q2,屏東縣,1472,84,320,439
103Q2,彰化縣,1851,76,440,402
103Q2,新北市,16501,143,2229,2147
103Q2,新竹市,2682,19,221,232
103Q2,新竹縣,3185,24,177,227
103Q2,桃園市,12112,103,1018,1186
103Q2,澎湖縣,58,6,104,44
103Q2,臺中市,12288,192,1241,1546
103Q2,臺北市,8480,125,2010,1718
103Q2,臺南市,5848,168,1002,775
103Q2,臺東縣,452,28,114,158
103Q2,花蓮縣,1283,28,192,193
103Q2,苗栗縣,1765,39,301,210
103Q2,連江縣,0,0,0,0
103Q2,金門縣,78,10,26,18
103Q2,雲林縣,939,72,246,164
103Q2,高雄市,10530,376,1526,1347
103Q3,區域別總計,76466,1239,12374,13349
103Q3,南投縣,724,28,227,187
103Q3,嘉義市,730,20,145,170
103Q3,嘉義縣,681,26,215,187
103Q3,基隆市,1641,30,280,289
103Q3,宜蘭縣,1666,25,278,230
103Q3,屏東縣,1428,69,355,547
103Q3,彰化縣,1861,50,447,495
103Q3,新北市,14846,139,2322,2516
103Q3,新竹市,3016,28,352,345
103Q3,新竹縣,2628,21,184,328
103Q3,桃園市,10057,92,984,1302
103Q3,澎湖縣,87,2,111,52
103Q3,臺中市,11869,147,1203,1777
103Q3,臺北市,7510,117,2098,1861
103Q3,臺南市,4941,130,914,842
103Q3,臺東縣,399,48,93,171
103Q3,花蓮縣,1147,15,175,177
103Q3,苗栗縣,1206,15,277,193
103Q3,連江縣,0,0,0,3
103Q3,金門縣,51,0,28,38
103Q3,雲林縣,1055,45,244,199
103Q3,高雄市,8923,192,1442,1440
103Q4,區域別總計,79470,1448,11943,13673
103Q4,南投縣,746,39,222,229
103Q4,嘉義市,918,25,169,185
103Q4,嘉義縣,904,34,211,204
103Q4,基隆市,1707,49,252,341
103Q4,宜蘭縣,2035,24,266,229
103Q4,屏東縣,1279,59,363,379
103Q4,彰化縣,1964,67,434,492
103Q4,新北市,14324,148,2172,2670
103Q4,新竹市,1931,26,209,244
103Q4,新竹縣,3639,39,235,363
103Q4,桃園市,10937,136,1028,1338
103Q4,澎湖縣,101,2,121,54
103Q4,臺中市,12500,169,1264,1683
103Q4,臺北市,7819,105,1846,2212
103Q4,臺南市,4905,175,965,899
103Q4,臺東縣,431,7,99,91
103Q4,花蓮縣,1121,18,148,183
103Q4,苗栗縣,1562,25,283,187
103Q4,連江縣,0,0,0,2
103Q4,金門縣,69,1,14,42
103Q4,雲林縣,1125,47,277,187
103Q4,高雄市,9453,253,1365,1459
104Q1,區域別總計,63477,1300,11012,15820
104Q1,南投縣,759,24,233,242
104Q1,嘉義市,692,9,184,209
104Q1,嘉義縣,686,36,172,150
104Q1,基隆市,1190,36,261,238
104Q1,宜蘭縣,1615,23,226,203
104Q1,屏東縣,1385,67,369,349
104Q1,彰化縣,1620,79,378,524
104Q1,新北市,11036,117,1950,3449
104Q1,新竹市,1993,17,255,295
104Q1,新竹縣,2243,15,134,298
104Q1,桃園市,8132,80,862,1419
104Q1,澎湖縣,88,4,101,43
104Q1,臺中市,9838,112,1078,1843
104Q1,臺北市,6478,89,1886,3338
104Q1,臺南市,4391,137,849,878
104Q1,臺東縣,392,14,103,126
104Q1,花蓮縣,923,35,148,216
104Q1,苗栗縣,1084,29,233,230
104Q1,連江縣,2,0,2,0
104Q1,金門縣,92,1,18,25
104Q1,雲林縣,991,158,209,204
104Q1,高雄市,7847,218,1361,1541
104Q2,區域別總計,70771,1139,12832,11241
104Q2,南投縣,770,26,231,201
104Q2,嘉義市,727,19,179,174
104Q2,嘉義縣,808,19,160,177
104Q2,基隆市,1256,32,302,250
104Q2,宜蘭縣,1581,23,269,214
104Q2,屏東縣,1451,79,331,357
104Q2,彰化縣,1825,49,468,409
104Q2,新北市,12497,116,2439,2080
104Q2,新竹市,2988,19,363,275
104Q2,新竹縣,2671,17,184,254
104Q2,桃園市,9394,75,938,1038
104Q2,澎湖縣,60,4,109,34
104Q2,臺中市,10521,137,1401,1514
104Q2,臺北市,6583,122,2240,1647
104Q2,臺南市,4850,101,919,712
104Q2,臺東縣,664,16,122,121
104Q2,花蓮縣,1088,22,226,166
104Q2,苗栗縣,1130,22,292,226
104Q2,連江縣,0,0,0,0
104Q2,金門縣,68,1,33,18
104Q2,雲林縣,1182,44,226,158
104Q2,高雄市,8657,196,1400,1216
104Q3,區域別總計,64850,1108,12820,11164
104Q3,南投縣,659,32,237,206
104Q3,嘉義市,770,30,184,129
104Q3,嘉義縣,632,36,191,122
104Q3,基隆市,1253,32,275,227
104Q3,宜蘭縣,1241,26,268,199
104Q3,屏東縣,1501,73,355,336
104Q3,彰化縣,1891,63,440,409
104Q3,新北市,11401,119,2364,2081
104Q3,新竹市,2396,21,244,235
104Q3,新竹縣,2296,18,152,249
104Q3,桃園市,8341,82,977,1118
104Q3,澎湖縣,53,5,141,49
104Q3,臺中市,9194,98,1329,1379
104Q3,臺北市,6572,81,2311,1734
104Q3,臺南市,4596,154,928,723
104Q3,臺東縣,461,13,112,113
104Q3,花蓮縣,1049,20,178,203
104Q3,苗栗縣,1260,15,303,209
104Q3,連江縣,2,0,0,0
104Q3,金門縣,244,1,21,34
104Q3,雲林縣,869,34,210,173
104Q3,高雄市,8169,155,1600,1236
104Q4,區域別總計,93452,1122,13286,17306
104Q4,南投縣,951,32,250,223
104Q4,嘉義市,895,8,203,182
104Q4,嘉義縣,1109,32,189,169
104Q4,基隆市,1537,29,286,348
104Q4,宜蘭縣,2301,20,316,273
104Q4,屏東縣,1712,73,411,333
104Q4,彰化縣,2408,74,479,513
104Q4,新北市,15513,111,2356,3436
104Q4,新竹市,3072,14,243,327
104Q4,新竹縣,4542,8,194,337
104Q4,桃園市,12256,63,1039,1532
104Q4,澎湖縣,143,5,117,59
104Q4,臺中市,14694,141,1462,2588
104Q4,臺北市,10271,107,2373,3186
104Q4,臺南市,7258,97,1054,1027
104Q4,臺東縣,488,11,109,125
104Q4,花蓮縣,1046,12,160,231
104Q4,苗栗縣,1717,22,282,312
104Q4,連江縣,0,0,0,3
104Q4,金門縣,203,2,17,29
104Q4,雲林縣,1164,53,226,233
104Q4,高雄市,10172,208,1520,1840
105Q1,區域別總計,43182,1011,11669,11257
105Q1,南投縣,439,19,208,211
105Q1,嘉義市,493,172,175,148
105Q1,嘉義縣,519,16,162,118
105Q1,基隆市,1116,21,211,163
105Q1,宜蘭縣,841,8,284,176
105Q1,屏東縣,1006,70,382,322
105Q1,彰化縣,1061,33,450,355
105Q1,新北市,7109,98,2039,2198
105Q1,新竹市,1205,11,185,279
105Q1,新竹縣,1691,19,194,217
105Q1,桃園市,6106,46,882,976
105Q1,澎湖縣,50,3,92,28
105Q1,臺中市,6281,110,1209,1296
105Q1,臺北市,3978,96,1826,2126
105Q1,臺南市,3148,81,1033,771
105Q1,臺東縣,300,12,92,83
105Q1,花蓮縣,537,11,196,136
105Q1,苗栗縣,818,14,260,198
105Q1,連江縣,0,0,0,0
105Q1,金門縣,152,0,26,26
105Q1,雲林縣,619,29,213,189
105Q1,高雄市,5713,142,1550,1241
105Q2,區域別總計,65399,1081,14213,9870
105Q2,南投縣,568,23,228,196
105Q2,嘉義市,554,14,169,143
105Q2,嘉義縣,622,30,255,181
105Q2,基隆市,2708,29,321,189
105Q2,宜蘭縣,1318,17,407,219
105Q2,屏東縣,1157,81,442,286
105Q2,彰化縣,1519,53,532,346
105Q2,新北市,10681,133,2445,1704
105Q2,新竹市,1964,14,283,205
105Q2,新竹縣,2407,25,204,200
105Q2,桃園市,12053,74,1140,934
105Q2,澎湖縣,59,2,166,45
105Q2,臺中市,8708,122,1549,1455
105Q2,臺北市,5220,103,2357,1358
105Q2,臺南市,4259,116,1097,759
105Q2,臺東縣,309,9,114,100
105Q2,花蓮縣,719,14,171,150
105Q2,苗栗縣,1014,16,304,150
105Q2,連江縣,1,0,0,1
105Q2,金門縣,213,0,31,14
105Q2,雲林縣,860,34,309,190
105Q2,高雄市,8486,172,1689,1045
105Q3,區域別總計,67206,1186,13168,9326
105Q3,南投縣,548,16,212,172
105Q3,嘉義市,819,22,165,134
105Q3,嘉義縣,715,30,273,160
105Q3,基隆市,2393,33,264,166
105Q3,宜蘭縣,1400,27,324,175
105Q3,屏東縣,1095,60,398,290
105Q3,彰化縣,1465,69,419,330
105Q3,新北市,12110,173,2465,1619
105Q3,新竹市,3427,31,337,281
105Q3,新竹縣,3166,33,236,237
105Q3,桃園市,9453,83,1023,933
105Q3,澎湖縣,60,12,139,30
105Q3,臺中市,8165,137,1280,1137
105Q3,臺北市,6622,95,2311,1291
105Q3,臺南市,4332,134,897,699
105Q3,臺東縣,262,7,128,99
105Q3,花蓮縣,696,15,154,122
105Q3,苗栗縣,1376,26,269,172
105Q3,連江縣,0,0,0,1
105Q3,金門縣,118,0,28,35
105Q3,雲林縣,864,33,240,172
105Q3,高雄市,8120,150,1606,1071
105Q4,區域別總計,69609,1352,12814,11263
105Q4,南投縣,619,32,233,164
105Q4,嘉義市,678,15,199,145
105Q4,嘉義縣,731,32,192,159
105Q4,基隆市,2040,21,226,206
105Q4,宜蘭縣,1466,12,296,195
105Q4,屏東縣,1261,53,403,393
105Q4,彰化縣,1822,72,458,415
105Q4,新北市,12869,221,2410,2030
105Q4,新竹市,2330,21,250,222
105Q4,新竹縣,3289,35,224,293
105Q4,桃園市,9818,84,1042,1006
105Q4,澎湖縣,87,4,101,47
105Q4,臺中市,9599,143,1310,1409
105Q4,臺北市,5680,119,2036,1791
105Q4,臺南市,4817,228,1000,808
105Q4,臺東縣,334,31,100,91
105Q4,花蓮縣,679,15,208,140
105Q4,苗栗縣,1467,10,307,267
105Q4,連江縣,0,0,0,2
105Q4,金門縣,104,0,24,34
105Q4,雲林縣,959,39,243,169
105Q4,高雄市,8960,165,1552,1277
106Q1,區域別總計,59715,1149,12495,13090
106Q1,南投縣,639,13,215,198
106Q1,嘉義市,734,20,210,190
106Q1,嘉義縣,594,25,219,167
106Q1,基隆市,1221,36,272,201
106Q1,宜蘭縣,1134,24,274,180
106Q1,屏東縣,1286,47,496,384
106Q1,彰化縣,1476,58,443,472
106Q1,新北市,11981,180,2287,2559
106Q1,新竹市,1795,21,228,249
106Q1,新竹縣,2128,22,170,250
106Q1,桃園市,7630,82,992,1150
106Q1,澎湖縣,66,2,115,43
106Q1,臺中市,8624,116,1331,1559
106Q1,臺北市,5197,133,1995,2541
106Q1,臺南市,4257,101,950,879
106Q1,臺東縣,314,6,98,107
106Q1,花蓮縣,742,23,194,165
106Q1,苗栗縣,1178,23,268,202
106Q1,連江縣,1,0,0,1
106Q1,金門縣,108,0,32,24
106Q1,雲林縣,845,33,263,215
106Q1,高雄市,7765,184,1443,1354
106Q2,區域別總計,69395,1276,13826,10207
106Q2,南投縣,689,20,278,181
106Q2,嘉義市,727,21,164,151
106Q2,嘉義縣,925,25,187,191
106Q2,基隆市,1428,25,283,204
106Q2,宜蘭縣,1214,21,333,181
106Q2,屏東縣,1255,64,439,328
106Q2,彰化縣,1798,65,505,407
106Q2,新北市,13546,144,2549,1938
106Q2,新竹市,1946,20,261,193
106Q2,新竹縣,2384,27,205,210
106Q2,桃園市,9188,102,1039,914
106Q2,澎湖縣,115,0,137,30
106Q2,臺中市,10458,144,1477,1201
106Q2,臺北市,5901,179,2315,1535
106Q2,臺南市,4939,108,1070,703
106Q2,臺東縣,305,4,113,95
106Q2,花蓮縣,760,14,183,149
106Q2,苗栗縣,1358,24,330,219
106Q2,連江縣,1,0,0,0
106Q2,金門縣,179,1,23,28
106Q2,雲林縣,1132,69,316,207
106Q2,高雄市,9147,199,1619,1142
106Q3,區域別總計,67920,1224,14192,9598
106Q3,南投縣,594,19,263,172
106Q3,嘉義市,784,20,211,146
106Q3,嘉義縣,961,14,201,130
106Q3,基隆市,1540,28,278,198
106Q3,宜蘭縣,1204,13,332,197
106Q3,屏東縣,1204,90,411,337
106Q3,彰化縣,1777,61,523,341
106Q3,新北市,13288,175,2700,1775
106Q3,新竹市,1832,18,253,168
106Q3,新竹縣,2454,28,171,207
106Q3,桃園市,9194,99,1137,904
106Q3,澎湖縣,74,1,115,46
106Q3,臺中市,9844,143,1439,1192
106Q3,臺北市,6053,119,2357,1323
106Q3,臺南市,4994,127,1101,683
106Q3,臺東縣,302,4,104,91
106Q3,花蓮縣,739,15,180,150
106Q3,苗栗縣,1433,22,347,199
106Q3,連江縣,0,0,0,0
106Q3,金門縣,159,0,38,22
106Q3,雲林縣,854,51,326,209
106Q3,高雄市,8636,177,1705,1108
106Q4,區域別總計,69056,1250,13008,10099
106Q4,南投縣,632,20,218,174
106Q4,嘉義市,903,13,198,158
106Q4,嘉義縣,661,18,181,155
106Q4,基隆市,1654,16,265,195
106Q4,宜蘭縣,1153,23,243,197
106Q4,屏東縣,1275,50,405,287
106Q4,彰化縣,1766,43,450,360
106Q4,新北市,13179,228,2411,1811
106Q4,新竹市,1785,29,248,195
106Q4,新竹縣,2507,26,176,197
106Q4,桃園市,9598,118,1066,938
106Q4,澎湖縣,85,2,85,32
106Q4,臺中市,10406,139,1338,1207
106Q4,臺北市,6296,188,2326,1670
106Q4,臺南市,5305,96,979,803
106Q4,臺東縣,272,8,112,123
106Q4,花蓮縣,764,11,165,145
106Q4,苗栗縣,1318,16,229,183
106Q4,連江縣,1,0,0,3
106Q4,金門縣,180,1,30,22
106Q4,雲林縣,889,19,281,168
106Q4,高雄市,8427,186,1602,1076
107Q1,區域別總計,66060,1231,13176,13321
107Q1,南投縣,639,14,241,248
107Q1,嘉義市,664,18,177,162
107Q1,嘉義縣,761,23,226,174
107Q1,基隆市,1790,14,274,229
107Q1,宜蘭縣,1162,15,304,234
107Q1,屏東縣,1328,43,412,344
107Q1,彰化縣,2071,42,476,515
107Q1,新北市,12522,212,2420,2646
107Q1,新竹市,1641,20,218,234
107Q1,新竹縣,3326,27,273,318
107Q1,桃園市,7657,151,990,1103
107Q1,澎湖縣,97,3,91,46
107Q1,臺中市,9272,93,1337,1473
107Q1,臺北市,6573,140,2205,2621
107Q1,臺南市,5226,104,1061,816
107Q1,臺東縣,308,5,110,113
107Q1,花蓮縣,688,8,193,148
107Q1,苗栗縣,1338,25,318,262
107Q1,連江縣,0,0,0,0
107Q1,金門縣,155,0,43,38
107Q1,雲林縣,813,28,238,213
107Q1,高雄市,8029,246,1569,1384
107Q2,區域別總計,70070,1318,14701,10154
107Q2,南投縣,696,19,246,212
107Q2,嘉義市,737,12,233,133
107Q2,嘉義縣,742,10,267,158
107Q2,基隆市,1373,34,321,208
107Q2,宜蘭縣,1375,17,337,197
107Q2,屏東縣,1304,42,398,267
107Q2,彰化縣,1936,47,587,358
107Q2,新北市,14957,260,2742,1900
107Q2,新竹市,1810,22,274,205
107Q2,新竹縣,2561,31,221,196
107Q2,桃園市,8885,123,1164,980
107Q2,澎湖縣,71,3,100,35
107Q2,臺中市,9724,128,1575,1314
107Q2,臺北市,6626,167,2409,1446
107Q2,臺南市,5548,89,1158,707
107Q2,臺東縣,310,7,117,167
107Q2,花蓮縣,643,20,234,153
107Q2,苗栗縣,1278,30,327,182
107Q2,連江縣,1,0,3,0
107Q2,金門縣,166,0,37,18
107Q2,雲林縣,971,30,286,176
107Q2,高雄市,8356,227,1665,1142
107Q3,區域別總計,69702,1414,14382,9424
107Q3,南投縣,616,23,266,177
107Q3,嘉義市,753,16,188,131
107Q3,嘉義縣,628,16,199,152
107Q3,基隆市,1340,26,290,182
107Q3,宜蘭縣,1257,27,315,172
107Q3,屏東縣,1234,40,412,226
107Q3,彰化縣,1896,44,613,366
107Q3,新北市,14918,246,2730,1809
107Q3,新竹市,1952,11,293,171
107Q3,新竹縣,3253,62,239,283
107Q3,桃園市,9065,143,1146,970
107Q3,澎湖縣,150,1,122,33
107Q3,臺中市,9355,115,1493,1162
107Q3,臺北市,6853,219,2364,1313
107Q3,臺南市,5076,99,1031,652
107Q3,臺東縣,340,12,111,87
107Q3,花蓮縣,722,17,217,140
107Q3,苗栗縣,1242,21,303,194
107Q3,連江縣,0,0,0,0
107Q3,金門縣,193,2,25,19
107Q3,雲林縣,818,26,291,198
107Q3,高雄市,8041,248,1734,987
107Q4,區域別總計,72135,1271,14056,10126
107Q4,南投縣,741,18,260,177
107Q4,嘉義市,557,8,155,106
107Q4,嘉義縣,677,29,233,131
107Q4,基隆市,1391,23,265,238
107Q4,宜蘭縣,1211,20,253,159
107Q4,屏東縣,1580,52,465,316
107Q4,彰化縣,2175,34,541,401
107Q4,新北市,14256,218,2635,1848
107Q4,新竹市,2228,43,275,191
107Q4,新竹縣,2616,25,192,193
107Q4,桃園市,8973,143,1170,969
107Q4,澎湖縣,115,10,155,45
107Q4,臺中市,11453,138,1478,1300
107Q4,臺北市,6780,172,2228,1564
107Q4,臺南市,5166,87,1037,677
107Q4,臺東縣,350,11,120,100
107Q4,花蓮縣,675,16,236,151
107Q4,苗栗縣,1421,20,266,177
107Q4,連江縣,0,0,0,0
107Q4,金門縣,142,1,50,14
107Q4,雲林縣,779,24,271,173
107Q4,高雄市,8849,179,1771,1196
108Q1,區域別總計,64224,1173,12856,13575
108Q1,南投縣,802,24,199,229
108Q1,嘉義市,683,12,163,139
108Q1,嘉義縣,571,13,192,176
108Q1,基隆市,1141,17,267,251
108Q1,宜蘭縣,911,11,291,244
108Q1,屏東縣,1257,44,422,261
108Q1,彰化縣,1909,42,501,499
108Q1,新北市,12699,196,2363,2768
108Q1,新竹市,1471,18,259,276
108Q1,新竹縣,2458,38,179,220
108Q1,桃園市,7553,112,978,1204
108Q1,澎湖縣,81,3,88,38
108Q1,臺中市,9283,142,1321,1532
108Q1,臺北市,5771,194,2213,2647
108Q1,臺南市,5350,75,1001,885
108Q1,臺東縣,253,11,101,108
108Q1,花蓮縣,650,10,148,161
108Q1,苗栗縣,1101,28,288,242
108Q1,連江縣,0,0,0,0
108Q1,金門縣,116,1,32,27
108Q1,雲林縣,860,29,292,221
108Q1,高雄市,9304,153,1558,1447
108Q2,區域別總計,78927,1367,15314,10181
108Q2,南投縣,860,25,348,217
108Q2,嘉義市,932,31,175,153
108Q2,嘉義縣,828,23,237,161
108Q2,基隆市,1600,37,356,216
108Q2,宜蘭縣,1289,22,326,162
108Q2,屏東縣,1548,48,467,313
108Q2,彰化縣,2070,34,610,381
108Q2,新北市,15367,215,2862,1858
108Q2,新竹市,2235,28,296,231
108Q2,新竹縣,3321,28,247,210
108Q2,桃園市,10155,122,1167,992
108Q2,澎湖縣,102,4,119,41
108Q2,臺中市,10753,120,1539,1256
108Q2,臺北市,7416,193,2748,1491
108Q2,臺南市,6192,81,1150,616
108Q2,臺東縣,306,7,128,107
108Q2,花蓮縣,746,9,199,151
108Q2,苗栗縣,1408,26,304,175
108Q2,連江縣,0,0,0,1
108Q2,金門縣,126,0,33,23
108Q2,雲林縣,1293,26,292,248
108Q2,高雄市,10380,288,1711,1178
108Q3,區域別總計,75640,1308,14942,9602
108Q3,南投縣,775,26,309,224
108Q3,嘉義市,915,21,191,124
108Q3,嘉義縣,710,22,192,157
108Q3,基隆市,1619,32,298,194
108Q3,宜蘭縣,1301,27,344,191
108Q3,屏東縣,1388,65,486,290
108Q3,彰化縣,2445,46,630,414
108Q3,新北市,15587,228,2913,1658
108Q3,新竹市,1878,13,301,193
108Q3,新竹縣,2225,51,198,210
108Q3,桃園市,10518,129,1160,916
108Q3,澎湖縣,81,1,116,42
108Q3,臺中市,11031,151,1617,1255
108Q3,臺北市,7166,171,2420,1299
108Q3,臺南市,5635,67,991,631
108Q3,臺東縣,332,8,112,120
108Q3,花蓮縣,789,12,229,145
108Q3,苗栗縣,1831,20,416,261
108Q3,連江縣,0,0,0,1
108Q3,金門縣,173,2,31,17
108Q3,雲林縣,927,32,302,203
108Q3,高雄市,8314,184,1686,1057
108Q4,區域別總計,81484,1269,14565,10598
108Q4,南投縣,673,20,235,203
108Q4,嘉義市,778,26,180,133
108Q4,嘉義縣,719,25,238,121
108Q4,基隆市,1522,27,316,197
108Q4,宜蘭縣,1497,18,300,198
108Q4,屏東縣,1627,43,428,300
108Q4,彰化縣,1813,30,503,339
108Q4,新北市,16382,179,2821,2007
108Q4,新竹市,2479,23,241,197
108Q4,新竹縣,2917,25,239,254
108Q4,桃園市,12158,130,1195,988
108Q4,澎湖縣,117,7,119,30
108Q4,臺中市,12371,149,1440,1526
108Q4,臺北市,7390,199,2402,1638
108Q4,臺南市,6005,99,1127,692
108Q4,臺東縣,293,7,102,93
108Q4,花蓮縣,762,11,174,156
108Q4,苗栗縣,1452,27,393,207
108Q4,連江縣,0,0,0,0
108Q4,金門縣,151,2,34,26
108Q4,雲林縣,1126,19,267,209
108Q4,高雄市,9252,203,1811,1084
109Q1,區域別總計,69361,1335,14424,13229
109Q1,南投縣,577,22,241,196
109Q1,嘉義市,715,16,190,149
109Q1,嘉義縣,727,24,216,168
109Q1,基隆市,1312,44,282,241
109Q1,宜蘭縣,1662,15,362,224
109Q1,屏東縣,1385,31,422,332
109Q1,彰化縣,1676,33,502,447
109Q1,新北市,13261,325,2701,2775
109Q1,新竹市,1829,38,264,262
109Q1,新竹縣,2542,22,281,253
109Q1,桃園市,9692,123,1182,1131
109Q1,澎湖縣,104,5,92,36
109Q1,臺中市,10444,116,1480,1414
109Q1,臺北市,6741,172,2311,2703
109Q1,臺南市,5212,78,1102,804
109Q1,臺東縣,283,29,123,87
109Q1,花蓮縣,779,19,186,165
109Q1,苗栗縣,1154,17,368,238
109Q1,連江縣,0,0,0,0
109Q1,金門縣,121,4,37,22
109Q1,雲林縣,1131,27,274,214
109Q1,高雄市,8014,175,1808,1368
109Q2,區域別總計,71017,1118,15235,9951
109Q2,南投縣,676,22,276,207
109Q2,嘉義市,810,8,190,119
109Q2,嘉義縣,603,19,217,162
109Q2,基隆市,1365,21,371,201
109Q2,宜蘭縣,1136,14,324,184
109Q2,屏東縣,1572,36,398,279
109Q2,彰化縣,1642,31,554,402
109Q2,新北市,13914,210,2895,1840
109Q2,新竹市,1934,30,273,180
109Q2,新竹縣,3029,20,236,204
109Q2,桃園市,10333,119,1217,1081
109Q2,澎湖縣,72,10,102,27
109Q2,臺中市,9676,112,1606,1245
109Q2,臺北市,6715,168,2736,1337
109Q2,臺南市,5292,81,1117,705
109Q2,臺東縣,320,9,123,102
109Q2,花蓮縣,902,19,203,157
109Q2,苗栗縣,1224,21,332,237
109Q2,連江縣,0,0,1,0
109Q2,金門縣,130,0,37,33
109Q2,雲林縣,1015,25,271,205
109Q2,高雄市,8657,143,1756,1044
109Q3,區域別總計,91633,1360,15170,9792
109Q3,南投縣,750,24,275,191
109Q3,嘉義市,900,30,213,129
109Q3,嘉義縣,826,37,233,152
109Q3,基隆市,1586,21,395,186
109Q3,宜蘭縣,1630,29,301,175
109Q3,屏東縣,1574,43,449,286
109Q3,彰化縣,2238,36,660,374
109Q3,新北市,18167,263,2858,1851
109Q3,新竹市,3983,21,259,210
109Q3,新竹縣,3430,27,207,222
109Q3,桃園市,13182,140,1139,924
109Q3,澎湖縣,80,1,141,34
109Q3,臺中市,13062,130,1591,1177
109Q3,臺北市,8502,211,2620,1289
109Q3,臺南市,6359,96,1059,700
109Q3,臺東縣,419,10,90,87
109Q3,花蓮縣,972,23,193,183
109Q3,苗栗縣,2151,29,352,247
109Q3,連江縣,0,0,0,2
109Q3,金門縣,136,3,34,25
109Q3,雲林縣,1328,41,331,258
109Q3,高雄市,10358,145,1770,1090
109Q4,區域別總計,94578,1456,14280,10787
109Q4,南投縣,745,27,235,197
109Q4,嘉義市,895,22,226,152
109Q4,嘉義縣,961,23,266,182
109Q4,基隆市,1729,23,286,215
109Q4,宜蘭縣,1503,24,317,234
109Q4,屏東縣,1649,43,379,303
109Q4,彰化縣,1862,30,529,380
109Q4,新北市,18004,241,2749,1930
109Q4,新竹市,4472,16,231,206
109Q4,新竹縣,3135,17,220,225
109Q4,桃園市,12505,107,1169,1011
109Q4,澎湖縣,115,1,109,47
109Q4,臺中市,15441,209,1449,1290
109Q4,臺北市,9222,174,2397,1774
109Q4,臺南市,6181,219,1110,736
109Q4,臺東縣,528,65,126,116
109Q4,花蓮縣,934,19,176,170
109Q4,苗栗縣,1961,28,289,199
109Q4,連江縣,8,0,0,0
109Q4,金門縣,197,2,29,23
109Q4,雲林縣,1290,26,283,241
109Q4,高雄市,11241,140,1705,1156
110Q1,區域別總計,80831,1236,14331,13822
110Q1,南投縣,666,13,225,206
110Q1,嘉義市,790,19,163,162
110Q1,嘉義縣,876,40,260,230
110Q1,基隆市,1283,15,315,217
110Q1,宜蘭縣,1500,20,323,216
110Q1,屏東縣,1402,36,443,343
110Q1,彰化縣,1960,21,518,503
110Q1,新北市,15233,289,2771,2901
110Q1,新竹市,2966,30,267,261
110Q1,新竹縣,3073,26,202,244
110Q1,桃園市,11318,83,1141,1246
110Q1,澎湖縣,76,5,120,39
110Q1,臺中市,12630,98,1511,1609
110Q1,臺北市,7825,146,2280,2723
110Q1,臺南市,5525,77,1079,846
110Q1,臺東縣,336,21,97,90
110Q1,花蓮縣,761,70,180,160
110Q1,苗栗縣,1661,52,319,226
110Q1,連江縣,0,0,0,0
110Q1,金門縣,168,2,33,25
110Q1,雲林縣,1156,32,306,206
110Q1,高雄市,9626,141,1778,1369
110Q2,區域別總計,94314,1035,14466,9846
110Q2,南投縣,779,21,246,196
110Q2,嘉義市,1002,5,194,121
110Q2,嘉義縣,961,22,295,222
110Q2,基隆市,1568,17,275,246
110Q2,宜蘭縣,1879,22,288,183
110Q2,屏東縣,1668,29,443,311
110Q2,彰化縣,2138,47,582,396
110Q2,新北市,18483,155,2648,1723
110Q2,新竹市,3121,23,305,154
110Q2,新竹縣,3976,28,301,288
110Q2,桃園市,11892,110,1173,984
110Q2,澎湖縣,91,3,127,44
110Q2,臺中市,12920,107,1595,1296
110Q2,臺北市,8678,155,2145,1231
110Q2,臺南市,7923,88,1080,673
110Q2,臺東縣,585,16,125,92
110Q2,花蓮縣,989,11,176,141
110Q2,苗栗縣,1736,25,330,198
110Q2,連江縣,1,0,0,0
110Q2,金門縣,210,6,46,26
110Q2,雲林縣,1309,31,320,257
110Q2,高雄市,12405,114,1772,1064
110Q3,區域別總計,73734,759,17747,8955
110Q3,南投縣,667,20,301,167
110Q3,嘉義市,853,6,268,127
110Q3,嘉義縣,1030,15,302,192
110Q3,基隆市,1213,7,409,167
110Q3,宜蘭縣,1483,6,390,188
110Q3,屏東縣,1375,170,475,264
110Q3,彰化縣,1683,12,688,331
110Q3,新北市,14107,77,3635,1647
110Q3,新竹市,2033,22,306,161
110Q3,新竹縣,3301,22,233,209
110Q3,桃園市,9739,115,1452,958
110Q3,澎湖縣,63,1,126,44
110Q3,臺中市,9598,40,1788,1151
110Q3,臺北市,6371,73,3049,1150
110Q3,臺南市,6640,44,1261,622
110Q3,臺東縣,386,3,114,96
110Q3,花蓮縣,1305,5,214,123
110Q3,苗栗縣,1429,23,369,193
110Q3,連江縣,1,0,1,2
110Q3,金門縣,248,7,40,29
110Q3,雲林縣,938,20,344,179
110Q3,高雄市,9271,71,1982,955
110Q4,區域別總計,99315,1218,16306,12043
110Q4,南投縣,871,34,257,230
110Q4,嘉義市,838,19,186,132
110Q4,嘉義縣,942,16,258,203
110Q4,基隆市,1548,15,343,236
110Q4,宜蘭縣,1987,19,411,264
110Q4,屏東縣,1776,40,483,313
110Q4,彰化縣,2318,41,565,431
110Q4,新北市,20472,193,3128,2330
110Q4,新竹市,3006,40,244,218
110Q4,新竹縣,3621,47,326,314
110Q4,桃園市,13882,142,1202,1149
110Q4,澎湖縣,113,9,122,42
110Q4,臺中市,14842,139,1805,1535
110Q4,臺北市,8027,128,2906,1715
110Q4,臺南市,6664,81,1151,847
110Q4,臺東縣,390,7,154,119
110Q4,花蓮縣,1073,8,192,161
110Q4,苗栗縣,1984,30,336,234
110Q4,連江縣,0,0,0,1
110Q4,金門縣,200,5,39,27
110Q4,雲林縣,1166,34,318,220
110Q4,高雄市,13595,171,1880,1322
111Q1,區域別總計,84776,1014,14952,15481
111Q1,南投縣,771,20,287,299
111Q1,嘉義市,814,13,179,169
111Q1,嘉義縣,702,18,258,187
111Q1,基隆市,1997,36,319,250
111Q1,宜蘭縣,1909,12,296,276
111Q1,屏東縣,1841,35,452,344
111Q1,彰化縣,2073,39,582,513
111Q1,新北市,16594,170,2789,3156
111Q1,新竹市,2011,24,317,287
111Q1,新竹縣,3536,39,262,379
111Q1,桃園市,11338,100,1250,1436
111Q1,澎湖縣,108,3,119,39
111Q1,臺中市,12740,91,1467,1838
111Q1,臺北市,7835,113,2541,2811
111Q1,臺南市,6091,76,1100,1035
111Q1,臺東縣,408,11,112,114
111Q1,花蓮縣,861,16,203,186
111Q1,苗栗縣,1694,39,348,277
111Q1,連江縣,1,0,0,0
111Q1,金門縣,133,2,42,33
111Q1,雲林縣,996,26,276,243
111Q1,高雄市,10323,131,1753,1609
111Q2,區域別總計,86026,1035,16857,11126
111Q2,南投縣,804,31,278,214
111Q2,嘉義市,836,11,236,143
111Q2,嘉義縣,730,16,211,155
111Q2,基隆市,1617,34,351,209
111Q2,宜蘭縣,1845,33,391,220
111Q2,屏東縣,1773,37,514,331
111Q2,彰化縣,2347,33,646,415
111Q2,新北市,17228,145,3114,1984
111Q2,新竹市,2050,23,286,205
111Q2,新竹縣,2863,23,236,236
111Q2,桃園市,11185,93,1421,1099
111Q2,澎湖縣,103,1,165,42
111Q2,臺中市,13099,112,1814,1547
111Q2,臺北市,8267,113,2823,1401
111Q2,臺南市,6410,82,1297,811
111Q2,臺東縣,650,5,110,100
111Q2,花蓮縣,817,13,228,153
111Q2,苗栗縣,1611,34,403,251
111Q2,連江縣,0,0,1,1
111Q2,金門縣,152,14,35,23
111Q2,雲林縣,1244,29,329,244
111Q2,高雄市,10395,153,1968,1342
111Q3,區域別總計,73129,1158,19434,10922
111Q3,南投縣,855,22,343,211
111Q3,嘉義市,619,4,260,144
111Q3,嘉義縣,728,8,287,189
111Q3,基隆市,1625,27,419,223
111Q3,宜蘭縣,1645,23,410,222
111Q3,屏東縣,1589,36,610,330
111Q3,彰化縣,1795,28,656,399
111Q3,新北市,13285,155,3853,1982
111Q3,新竹市,1571,27,374,232
111Q3,新竹縣,2779,25,319,280
111Q3,桃園市,10684,109,1511,1062
111Q3,澎湖縣,96,2,159,42
111Q3,臺中市,11577,106,1986,1304
111Q3,臺北市,6467,95,3210,1489
111Q3,臺南市,5610,81,1467,853
111Q3,臺東縣,453,217,135,96
111Q3,花蓮縣,806,10,260,154
111Q3,苗栗縣,1432,29,423,223
111Q3,連江縣,0,0,0,0
111Q3,金門縣,123,7,39,32
111Q3,雲林縣,1023,22,359,239
111Q3,高雄市,8367,125,2354,1216
111Q4,區域別總計,74170,976,19139,12276
111Q4,南投縣,686,15,334,236
111Q4,嘉義市,592,13,219,164
111Q4,嘉義縣,998,22,291,189
111Q4,基隆市,1385,24,470,252
111Q4,宜蘭縣,1621,27,433,229
111Q4,屏東縣,1587,28,554,368
111Q4,彰化縣,2009,28,655,433
111Q4,新北市,13077,161,3667,2299
111Q4,新竹市,1844,11,336,277
111Q4,新竹縣,3236,18,308,282
111Q4,桃園市,10728,73,1425,1153
111Q4,澎湖縣,131,4,117,39
111Q4,臺中市,13279,102,1957,1592
111Q4,臺北市,6042,128,3515,1796
111Q4,臺南市,4980,85,1438,854
111Q4,臺東縣,333,9,148,98
111Q4,花蓮縣,856,16,237,181
111Q4,苗栗縣,1254,28,395,224
111Q4,連江縣,0,0,1,0
111Q4,金門縣,159,3,39,27
111Q4,雲林縣,1341,31,361,219
111Q4,高雄市,8032,150,2239,1364
112Q1,區域別總計,64291,816,18671,16001
112Q1,南投縣,693,22,331,271
112Q1,嘉義市,783,17,261,194
112Q1,嘉義縣,780,11,285,210
112Q1,基隆市,1447,22,381,275
112Q1,宜蘭縣,1291,18,424,249
112Q1,屏東縣,1358,24,550,384
112Q1,彰化縣,1530,32,672,572
112Q1,新北市,12521,115,3619,3287
112Q1,新竹市,1478,14,322,292
112Q1,新竹縣,2180,14,307,321
112Q1,桃園市,8190,67,1552,1513
112Q1,澎湖縣,90,7,120,35
112Q1,臺中市,9945,77,2032,1955
112Q1,臺北市,5677,78,3204,2824
112Q1,臺南市,4932,117,1303,1083
112Q1,臺東縣,519,8,140,112
112Q1,花蓮縣,618,22,220,211
112Q1,苗栗縣,1128,22,395,292
112Q1,連江縣,0,0,1,3
112Q1,金門縣,152,8,51,35
112Q1,雲林縣,954,18,370,233
112Q1,高雄市,8025,103,2131,1650
112Q2,區域別總計,74651,852,19913,11929
112Q2,南投縣,652,15,365,282
112Q2,嘉義市,793,7,308,164
112Q2,嘉義縣,891,21,276,184
112Q2,基隆市,1756,28,437,260
112Q2,宜蘭縣,1590,17,393,224
112Q2,屏東縣,1711,35,568,331
112Q2,彰化縣,1715,28,762,411
112Q2,新北市,14694,112,3930,2101
112Q2,新竹市,1745,10,387,250
112Q2,新竹縣,2079,14,341,295
112Q2,桃園市,9745,86,1587,1200
112Q2,澎湖縣,130,2,138,49
112Q2,臺中市,11590,93,2032,1474
112Q2,臺北市,7013,98,3505,1664
112Q2,臺南市,5414,71,1355,771
112Q2,臺東縣,360,10,145,124
112Q2,花蓮縣,723,50,261,186
112Q2,苗栗縣,1517,24,461,257
112Q2,連江縣,5,0,0,1
112Q2,金門縣,166,1,49,23
112Q2,雲林縣,1104,20,382,262
112Q2,高雄市,9258,110,2231,1416
112Q3,區域別總計,79812,987,20000,11297
112Q3,南投縣,739,29,286,215
112Q3,嘉義市,692,19,236,160
112Q3,嘉義縣,730,21,263,170
112Q3,基隆市,1848,22,420,234
112Q3,宜蘭縣,1511,33,476,240
112Q3,屏東縣,1462,36,546,329
112Q3,彰化縣,1865,25,696,389
112Q3,新北市,14969,136,4160,2053
112Q3,新竹市,2735,13,363,260
112Q3,新竹縣,2422,12,290,249
112Q3,桃園市,11512,69,1580,1170
112Q3,澎湖縣,128,1,177,44
112Q3,臺中市,12439,109,2060,1482
112Q3,臺北市,6965,73,3395,1476
112Q3,臺南市,6302,160,1521,729
112Q3,臺東縣,516,35,149,119
112Q3,花蓮縣,803,34,245,174
112Q3,苗栗縣,1907,17,447,224
112Q3,連江縣,1,0,0,0
112Q3,金門縣,146,4,51,19
112Q3,雲林縣,1146,24,375,236
112Q3,高雄市,8974,115,2264,1325
112Q4,區域別總計,88217,884,18428,12692
112Q4,南投縣,1156,17,360,213
112Q4,嘉義市,956,12,251,162
112Q4,嘉義縣,746,16,273,185
112Q4,基隆市,1552,37,397,256
112Q4,宜蘭縣,1653,22,406,249
112Q4,屏東縣,1658,28,545,356
112Q4,彰化縣,2170,28,682,440
112Q4,新北市,17825,145,3467,2377
112Q4,新竹市,2367,14,363,288
112Q4,新竹縣,3160,24,262,299
112Q4,桃園市,11259,61,1482,1220
112Q4,澎湖縣,107,2,121,61
112Q4,臺中市,13719,80,1895,1545
112Q4,臺北市,7080,98,3199,1871
112Q4,臺南市,8300,73,1355,898
112Q4,臺東縣,427,13,129,111
112Q4,花蓮縣,794,9,245,163
112Q4,苗栗縣,1777,5,361,272
112Q4,連江縣,1,0,0,1
112Q4,金門縣,164,7,54,31
112Q4,雲林縣,1337,29,427,269
112Q4,高雄市,10009,164,2154,1425
113Q1,區域別總計,81013,902,17474,16610
113Q1,南投縣,790,15,288,287
113Q1,嘉義市,830,15,268,195
113Q1,嘉義縣,890,13,261,267
113Q1,基隆市,1441,24,381,222
113Q1,宜蘭縣,1691,23,363,251
113Q1,屏東縣,1822,52,522,361
113Q1,彰化縣,1745,36,676,497
113Q1,新北市,15092,194,3279,3476
113Q1,新竹市,2045,7,319,295
113Q1,新竹縣,2560,17,239,361
113Q1,桃園市,11063,55,1374,1505
113Q1,澎湖縣,120,4,120,36
113Q1,臺中市,12130,94,1875,1811
113Q1,臺北市,7307,75,2963,3269
113Q1,臺南市,6865,62,1389,1098
113Q1,臺東縣,407,31,112,125
113Q1,花蓮縣,825,11,253,191
113Q1,苗栗縣,1495,18,333,342
113Q1,連江縣,0,0,1,0
113Q1,金門縣,177,2,28,26
113Q1,雲林縣,1283,19,332,280
113Q1,高雄市,10435,135,2098,1715
113Q2,區域別總計,95765,938,19893,12161
113Q2,南投縣,924,19,370,277
113Q2,嘉義市,928,16,253,138
113Q2,嘉義縣,952,22,273,214
113Q2,基隆市,2310,32,488,219
113Q2,宜蘭縣,1917,21,429,274
113Q2,屏東縣,2019,45,567,360
113Q2,彰化縣,2660,25,689,393
113Q2,新北市,17998,135,4039,2177
113Q2,新竹市,2600,18,354,239
113Q2,新竹縣,3688,71,273,281
113Q2,桃園市,12627,76,1575,1276
113Q2,澎湖縣,126,3,141,57
113Q2,臺中市,13718,70,2120,1689
113Q2,臺北市,8149,101,3342,1548
113Q2,臺南市,7670,76,1401,833
113Q2,臺東縣,337,7,162,99
113Q2,花蓮縣,799,12,285,188
113Q2,苗栗縣,1657,24,437,216
113Q2,連江縣,1,0,2,0
113Q2,金門縣,141,3,51,29
113Q2,雲林縣,1100,27,422,295
113Q2,高雄市,13444,135,2220,1359
113Q3,區域別總計,94350,1088,19717,11756
113Q3,南投縣,874,21,366,216
113Q3,嘉義市,863,9,267,175
113Q3,嘉義縣,868,13,314,191
113Q3,基隆市,1966,24,390,215
113Q3,宜蘭縣,1852,14,447,231
113Q3,屏東縣,1716,37,520,345
113Q3,彰化縣,2380,35,719,403
113Q3,新北市,17693,363,3939,2321
113Q3,新竹市,2164,19,340,224
113Q3,新竹縣,2968,20,319,314
113Q3,桃園市,13577,86,1567,1230
113Q3,澎湖縣,105,4,108,26
113Q3,臺中市,15998,105,2061,1461
113Q3,臺北市,7772,75,3125,1509
113Q3,臺南市,7025,55,1469,846
113Q3,臺東縣,425,8,154,108
113Q3,花蓮縣,727,19,284,160
113Q3,苗栗縣,1674,30,432,232
113Q3,連江縣,183,0,0,1
113Q3,金門縣,123,1,48,19
113Q3,雲林縣,1563,23,384,233
113Q3,高雄市,11834,127,2464,1296
113Q4,區域別總計,79397,775,18891,13531
113Q4,南投縣,993,10,347,264
113Q4,嘉義市,626,10,248,179
113Q4,嘉義縣,1089,17,285,220
113Q4,基隆市,1519,21,386,225
113Q4,宜蘭縣,1435,27,417,247
113Q4,屏東縣,1308,45,583,406
113Q4,彰化縣,2618,33,681,474
113Q4,新北市,13386,113,3816,2509
113Q4,新竹市,1428,12,348,308
113Q4,新竹縣,2682,13,321,311
113Q4,桃園市,11922,74,1545,1332
113Q4,澎湖縣,99,3,110,34
113Q4,臺中市,13150,75,1862,1840
113Q4,臺北市,6702,66,3185,1891
113Q4,臺南市,6223,53,1360,991
113Q4,臺東縣,437,8,145,114
113Q4,花蓮縣,681,27,246,180
113Q4,苗栗縣,2150,23,405,310
113Q4,連江縣,19,0,0,1
113Q4,金門縣,146,0,74,23
113Q4,雲林縣,1255,18,355,269
113Q4,高雄市,9529,127,2172,1403
114Q1,區域別總計,63101,690,17850,17039
114Q1,南投縣,804,5,288,262
114Q1,嘉義市,513,7,218,209
114Q1,嘉義縣,1072,28,232,216
114Q1,基隆市,982,56,420,258
114Q1,宜蘭縣,1505,18,369,288
114Q1,屏東縣,1390,31,534,451
114Q1,彰化縣,1809,19,618,576
114Q1,新北市,10183,91,3458,3537
114Q1,新竹市,1401,7,350,337
114Q1,新竹縣,2227,4,285,381
114Q1,桃園市,9265,74,1497,1547
114Q1,澎湖縣,65,0,111,34
114Q1,臺中市,10543,71,1867,1902
114Q1,臺北市,5856,61,3017,3268
114Q1,臺南市,4188,53,1355,1115
114Q1,臺東縣,280,4,152,101
114Q1,花蓮縣,549,10,248,183
114Q1,苗栗縣,1466,14,374,306
114Q1,連江縣,0,0,0,1
114Q1,金門縣,143,3,39,43
114Q1,雲林縣,860,22,354,338
114Q1,高雄市,8000,112,2064,1686
114Q2,區域別總計,67050,826,21214,12858
114Q2,南投縣,613,12,415,242
114Q2,嘉義市,717,17,274,171
114Q2,嘉義縣,706,18,353,262
114Q2,基隆市,1059,24,439,246
114Q2,宜蘭縣,1312,18,408,303
114Q2,屏東縣,1566,29,556,378
114Q2,彰化縣,1559,28,783,494
114Q2,新北市,12830,112,4153,2211
114Q2,新竹市,1302,8,430,257
114Q2,新竹縣,2060,4,341,293
114Q2,桃園市,10377,119,1727,1291
114Q2,澎湖縣,120,2,130,41
114Q2,臺中市,9718,81,2349,1646
114Q2,臺北市,5892,147,3688,1802
114Q2,臺南市,5645,46,1510,1030
114Q2,臺東縣,363,7,159,121
114Q2,花蓮縣,583,14,274,152
114Q2,苗栗縣,1763,20,463,271
114Q2,連江縣,0,0,0,0
114Q2,金門縣,146,0,47,25
114Q2,雲林縣,1014,26,424,276
114Q2,高雄市,7705,94,2291,1346
114Q3,區域別總計,64825,789,20121,11213
114Q3,南投縣,637,9,390,253
114Q3,嘉義市,752,14,234,142
114Q3,嘉義縣,566,16,363,172
114Q3,基隆市,1062,21,422,239
114Q3,宜蘭縣,1151,18,406,230
114Q3,屏東縣,1265,36,557,350
114Q3,彰化縣,1540,28,772,399
114Q3,新北市,11912,141,4144,2037
114Q3,新竹市,1024,11,356,231
114Q3,新竹縣,1870,38,313,281
114Q3,桃園市,10700,62,1517,1192
114Q3,澎湖縣,90,2,126,32
114Q3,臺中市,11001,85,2141,1421
114Q3,臺北市,5552,89,3325,1485
114Q3,臺南市,4760,42,1559,759
114Q3,臺東縣,301,28,154,77
114Q3,花蓮縣,509,12,270,147
114Q3,苗栗縣,1219,10,431,262
114Q3,連江縣,0,0,0,1
114Q3,金門縣,133,0,63,23
114Q3,雲林縣,1112,22,336,219
114Q3,高雄市,7669,105,2242,1261
114Q4,區域別總計,66332,923,19139,11612
114Q4,南投縣,783,10,366,209
114Q4,嘉義市,487,5,252,126
114Q4,嘉義縣,556,18,277,206
114Q4,基隆市,986,18,409,264
114Q4,宜蘭縣,1299,14,383,236
114Q4,屏東縣,1174,32,606,332
114Q4,彰化縣,1699,32,707,368
114Q4,新北市,12750,140,3773,2363
114Q4,新竹市,1033,14,334,227
114Q4,新竹縣,2094,15,263,260
114Q4,桃園市,9986,63,1534,1097
114Q4,澎湖縣,66,0,105,38
114Q4,臺中市,11228,88,1866,1348
114Q4,臺北市,5834,82,3420,1794
114Q4,臺南市,5180,110,1356,797
114Q4,臺東縣,258,28,162,97
114Q4,花蓮縣,534,98,250,147
114Q4,苗栗縣,1249,23,380,204
114Q4,連江縣,14,0,0,2
114Q4,金門縣,171,3,50,33
114Q4,雲林縣,1129,21,347,225
114Q4,高雄市,7822,109,2299,1239
115Q1,區域別總計,60403,768,17879,16182
115Q1,南投縣,522,18,317,252
115Q1,嘉義市,723,7,238,167
115Q1,嘉義縣,787,10,258,207
115Q1,基隆市,831,13,405,223
115Q1,宜蘭縣,1366,15,394,259
115Q1,屏東縣,1032,33,552,349
115Q1,彰化縣,1865,29,728,510
115Q1,新北市,10920,124,3457,3462
115Q1,新竹市,1104,10,308,320
115Q1,新竹縣,1863,15,237,329
115Q1,桃園市,8928,77,1435,1479
115Q1,澎湖縣,71,4,86,34
115Q1,臺中市,8579,87,1844,1736
115Q1,臺北市,6089,99,2990,3441
115Q1,臺南市,4944,52,1437,959
115Q1,臺東縣,223,13,122,111
115Q1,花蓮縣,573,11,227,186
115Q1,苗栗縣,1330,11,355,263
115Q1,連江縣,0,0,0,1
115Q1,金門縣,131,1,56,25
115Q1,雲林縣,980,30,360,301
115Q1,高雄市,7542,109,2073,1568
