資料期別,縣市,建物買賣移轉登記棟數
100Q1,全國,104529.0
100Q1,台中市,14839.0
100Q1,台北市,16147.0
100Q1,台東縣,461.0
100Q1,台南市,5447.0
100Q1,宜蘭縣,1414.0
100Q1,花蓮縣,1171.0
100Q1,金門縣,88.0
100Q1,南投縣,691.0
100Q1,屏東縣,1447.0
100Q1,苗栗縣,1135.0
100Q1,桃園市,12328.0
100Q1,高雄市,10598.0
100Q1,基隆市,1876.0
100Q1,連江縣,
100Q1,雲林縣,989.0
100Q1,台北縣,26228.0
100Q1,新竹市,3138.0
100Q1,新竹縣,2923.0
100Q1,嘉義市,982.0
100Q1,嘉義縣,667.0
100Q1,彰化縣,1829.0
100Q1,澎湖縣,131.0
100Q2,全國,96013.0
100Q2,台中市,13715.0
100Q2,台北市,13053.0
100Q2,台東縣,415.0
100Q2,台南市,5949.0
100Q2,宜蘭縣,1482.0
100Q2,花蓮縣,1141.0
100Q2,金門縣,99.0
100Q2,南投縣,827.0
100Q2,屏東縣,1442.0
100Q2,苗栗縣,1248.0
100Q2,桃園市,12089.0
100Q2,高雄市,9933.0
100Q2,基隆市,1707.0
100Q2,連江縣,0.0
100Q2,雲林縣,960.0
100Q2,台北縣,21870.0
100Q2,新竹市,2978.0
100Q2,新竹縣,3174.0
100Q2,嘉義市,1039.0
100Q2,嘉義縣,638.0
100Q2,彰化縣,2027.0
100Q2,澎湖縣,130.0
100Q3,全國,82664.0
100Q3,台中市,11399.0
100Q3,台北市,10613.0
100Q3,台東縣,381.0
100Q3,台南市,4878.0
100Q3,宜蘭縣,1572.0
100Q3,花蓮縣,855.0
100Q3,金門縣,86.0
100Q3,南投縣,599.0
100Q3,屏東縣,1061.0
100Q3,苗栗縣,1115.0
100Q3,桃園市,10707.0
100Q3,高雄市,8619.0
100Q3,基隆市,1701.0
100Q3,連江縣,0.0
100Q3,雲林縣,844.0
100Q3,台北縣,19146.0
100Q3,新竹市,2921.0
100Q3,新竹縣,2842.0
100Q3,嘉義市,844.0
100Q3,嘉義縣,596.0
100Q3,彰化縣,1799.0
100Q3,澎湖縣,86.0
100Q4,全國,78498.0
100Q4,台中市,9837.0
100Q4,台北市,10105.0
100Q4,台東縣,357.0
100Q4,台南市,5110.0
100Q4,宜蘭縣,1522.0
100Q4,花蓮縣,852.0
100Q4,金門縣,40.0
100Q4,南投縣,747.0
100Q4,屏東縣,1364.0
100Q4,苗栗縣,1478.0
100Q4,桃園市,10454.0
100Q4,高雄市,8319.0
100Q4,基隆市,1525.0
100Q4,連江縣,0.0
100Q4,雲林縣,994.0
100Q4,台北縣,16677.0
100Q4,新竹市,3161.0
100Q4,新竹縣,2790.0
100Q4,嘉義市,861.0
100Q4,嘉義縣,638.0
100Q4,彰化縣,1576.0
100Q4,澎湖縣,91.0
101Q1,全國,63907.0
101Q1,台中市,9140.0
101Q1,台北市,7715.0
101Q1,台東縣,324.0
101Q1,台南市,4523.0
101Q1,宜蘭縣,1272.0
101Q1,花蓮縣,797.0
101Q1,金門縣,45.0
101Q1,南投縣,629.0
101Q1,屏東縣,1135.0
101Q1,苗栗縣,781.0
101Q1,桃園市,8880.0
101Q1,高雄市,7499.0
101Q1,基隆市,1046.0
101Q1,連江縣,0.0
101Q1,雲林縣,785.0
101Q1,台北縣,12165.0
101Q1,新竹市,2163.0
101Q1,新竹縣,2304.0
101Q1,嘉義市,789.0
101Q1,嘉義縣,533.0
101Q1,彰化縣,1293.0
101Q1,澎湖縣,89.0
101Q2,全國,94148.0
101Q2,台中市,13057.0
101Q2,台北市,10834.0
101Q2,台東縣,487.0
101Q2,台南市,5546.0
101Q2,宜蘭縣,2151.0
101Q2,花蓮縣,1063.0
101Q2,金門縣,71.0
101Q2,南投縣,745.0
101Q2,屏東縣,1434.0
101Q2,苗栗縣,1371.0
101Q2,桃園市,12967.0
101Q2,高雄市,11911.0
101Q2,基隆市,1735.0
101Q2,連江縣,0.0
101Q2,雲林縣,1003.0
101Q2,台北縣,19679.0
101Q2,新竹市,3529.0
101Q2,新竹縣,2897.0
101Q2,嘉義市,960.0
101Q2,嘉義縣,735.0
101Q2,彰化縣,1872.0
101Q2,澎湖縣,101.0
101Q3,全國,83453.0
101Q3,台中市,11956.0
101Q3,台北市,10328.0
101Q3,台東縣,350.0
101Q3,台南市,5004.0
101Q3,宜蘭縣,1504.0
101Q3,花蓮縣,1003.0
101Q3,金門縣,61.0
101Q3,南投縣,654.0
101Q3,屏東縣,1237.0
101Q3,苗栗縣,1233.0
101Q3,桃園市,11787.0
101Q3,高雄市,9489.0
101Q3,基隆市,1608.0
101Q3,連江縣,1.0
101Q3,雲林縣,1004.0
101Q3,台北縣,17814.0
101Q3,新竹市,2285.0
101Q3,新竹縣,2886.0
101Q3,嘉義市,829.0
101Q3,嘉義縣,580.0
101Q3,彰化縣,1772.0
101Q3,澎湖縣,68.0
101Q4,全國,87366.0
101Q4,台中市,11753.0
101Q4,台北市,9694.0
101Q4,台東縣,440.0
101Q4,台南市,5851.0
101Q4,宜蘭縣,1614.0
101Q4,花蓮縣,1034.0
101Q4,金門縣,81.0
101Q4,南投縣,713.0
101Q4,屏東縣,1360.0
101Q4,苗栗縣,1144.0
101Q4,桃園市,11385.0
101Q4,高雄市,10726.0
101Q4,基隆市,1647.0
101Q4,連江縣,2.0
101Q4,雲林縣,931.0
101Q4,台北縣,19529.0
101Q4,新竹市,3213.0
101Q4,新竹縣,2793.0
101Q4,嘉義市,830.0
101Q4,嘉義縣,670.0
101Q4,彰化縣,1807.0
101Q4,澎湖縣,149.0
102Q1,全國,79392.0
102Q1,台中市,10811.0
102Q1,台北市,9201.0
102Q1,台東縣,370.0
102Q1,台南市,5376.0
102Q1,宜蘭縣,1404.0
102Q1,花蓮縣,954.0
102Q1,金門縣,102.0
102Q1,南投縣,862.0
102Q1,屏東縣,1243.0
102Q1,苗栗縣,1147.0
102Q1,桃園市,10712.0
102Q1,高雄市,9453.0
102Q1,基隆市,1452.0
102Q1,連江縣,0.0
102Q1,雲林縣,947.0
102Q1,台北縣,16391.0
102Q1,新竹市,2758.0
102Q1,新竹縣,2987.0
102Q1,嘉義市,883.0
102Q1,嘉義縣,612.0
102Q1,彰化縣,1620.0
102Q1,澎湖縣,107.0
102Q2,全國,100238.0
102Q2,台中市,13997.0
102Q2,台北市,10846.0
102Q2,台東縣,447.0
102Q2,台南市,6543.0
102Q2,宜蘭縣,1727.0
102Q2,花蓮縣,1408.0
102Q2,金門縣,106.0
102Q2,南投縣,904.0
102Q2,屏東縣,1544.0
102Q2,苗栗縣,1728.0
102Q2,桃園市,14594.0
102Q2,高雄市,12251.0
102Q2,基隆市,1955.0
102Q2,連江縣,0.0
102Q2,雲林縣,1083.0
102Q2,新北市,21725.0
102Q2,新竹市,2335.0
102Q2,新竹縣,3168.0
102Q2,嘉義市,999.0
102Q2,嘉義縣,926.0
102Q2,彰化縣,1847.0
102Q2,澎湖縣,105.0
102Q3,全國,96173.0
102Q3,台中市,14084.0
102Q3,台北市,9918.0
102Q3,台東縣,542.0
102Q3,台南市,5439.0
102Q3,宜蘭縣,1832.0
102Q3,花蓮縣,1364.0
102Q3,金門縣,46.0
102Q3,南投縣,790.0
102Q3,屏東縣,1426.0
102Q3,苗栗縣,1410.0
102Q3,桃園市,13215.0
102Q3,高雄市,11290.0
102Q3,基隆市,2779.0
102Q3,連江縣,0.0
102Q3,雲林縣,897.0
102Q3,新北市,21320.0
102Q3,新竹市,2956.0
102Q3,新竹縣,2998.0
102Q3,嘉義市,929.0
102Q3,嘉義縣,719.0
102Q3,彰化縣,2144.0
102Q3,澎湖縣,75.0
102Q4,全國,96089.0
102Q4,台中市,14803.0
102Q4,台北市,9531.0
102Q4,台東縣,422.0
102Q4,台南市,6020.0
102Q4,宜蘭縣,1878.0
102Q4,花蓮縣,1274.0
102Q4,金門縣,76.0
102Q4,南投縣,933.0
102Q4,屏東縣,1463.0
102Q4,苗栗縣,1587.0
102Q4,桃園市,12349.0
102Q4,高雄市,10761.0
102Q4,基隆市,2435.0
102Q4,連江縣,0.0
102Q4,雲林縣,1159.0
102Q4,台北縣,21165.0
102Q4,新竹市,2946.0
102Q4,新竹縣,3087.0
102Q4,嘉義市,1079.0
102Q4,嘉義縣,822.0
102Q4,彰化縣,2206.0
102Q4,澎湖縣,93.0
103Q1,全國,78812.0
103Q1,台中市,11230.0
103Q1,台北市,8214.0
103Q1,台東縣,359.0
103Q1,台南市,4858.0
103Q1,宜蘭縣,1809.0
103Q1,花蓮縣,1009.0
103Q1,金門縣,158.0
103Q1,南投縣,778.0
103Q1,屏東縣,1329.0
103Q1,苗栗縣,1622.0
103Q1,桃園市,10556.0
103Q1,高雄市,9909.0
103Q1,基隆市,1474.0
103Q1,連江縣,1.0
103Q1,雲林縣,935.0
103Q1,新北市,14745.0
103Q1,新竹市,2170.0
103Q1,新竹縣,4331.0
103Q1,嘉義市,782.0
103Q1,嘉義縣,710.0
103Q1,彰化縣,1755.0
103Q1,澎湖縣,78.0
103Q2,全國,85850.0
103Q2,台中市,12288.0
103Q2,台北市,8480.0
103Q2,台東縣,452.0
103Q2,台南市,5848.0
103Q2,宜蘭縣,1939.0
103Q2,花蓮縣,1283.0
103Q2,金門縣,78.0
103Q2,南投縣,886.0
103Q2,屏東縣,1472.0
103Q2,苗栗縣,1765.0
103Q2,桃園市,12112.0
103Q2,高雄市,10530.0
103Q2,基隆市,1898.0
103Q2,連江縣,
103Q2,雲林縣,939.0
103Q2,新北市,16501.0
103Q2,新竹市,2682.0
103Q2,新竹縣,3185.0
103Q2,嘉義市,887.0
103Q2,嘉義縣,716.0
103Q2,彰化縣,1851.0
103Q2,澎湖縣,58.0
103Q3,全國,76466.0
103Q3,台中市,11869.0
103Q3,台北市,7510.0
103Q3,台東縣,399.0
103Q3,台南市,4941.0
103Q3,宜蘭縣,1666.0
103Q3,花蓮縣,1147.0
103Q3,金門縣,51.0
103Q3,南投縣,724.0
103Q3,屏東縣,1428.0
103Q3,苗栗縣,1206.0
103Q3,桃園市,10057.0
103Q3,高雄市,8923.0
103Q3,基隆市,1641.0
103Q3,連江縣,
103Q3,雲林縣,1055.0
103Q3,新北市,14846.0
103Q3,新竹市,3016.0
103Q3,新竹縣,2628.0
103Q3,嘉義市,730.0
103Q3,嘉義縣,681.0
103Q3,彰化縣,1861.0
103Q3,澎湖縣,87.0
103Q4,全國,79470.0
103Q4,台中市,12500.0
103Q4,台北市,7819.0
103Q4,台東縣,431.0
103Q4,台南市,4905.0
103Q4,宜蘭縣,2035.0
103Q4,花蓮縣,1121.0
103Q4,金門縣,69.0
103Q4,南投縣,746.0
103Q4,屏東縣,1279.0
103Q4,苗栗縣,1562.0
103Q4,桃園市,10937.0
103Q4,高雄市,9453.0
103Q4,基隆市,1707.0
103Q4,連江縣,
103Q4,雲林縣,1125.0
103Q4,新北市,14324.0
103Q4,新竹市,1931.0
103Q4,新竹縣,3639.0
103Q4,嘉義市,918.0
103Q4,嘉義縣,904.0
103Q4,彰化縣,1964.0
103Q4,澎湖縣,101.0
104Q1,全國,63477.0
104Q1,台中市,9838.0
104Q1,台北市,6478.0
104Q1,台東縣,392.0
104Q1,台南市,4391.0
104Q1,宜蘭縣,1615.0
104Q1,花蓮縣,923.0
104Q1,金門縣,92.0
104Q1,南投縣,759.0
104Q1,屏東縣,1385.0
104Q1,苗栗縣,1084.0
104Q1,桃園市,8132.0
104Q1,高雄市,7847.0
104Q1,基隆市,1190.0
104Q1,連江縣,2.0
104Q1,雲林縣,991.0
104Q1,新北市,11036.0
104Q1,新竹市,1993.0
104Q1,新竹縣,2243.0
104Q1,嘉義市,692.0
104Q1,嘉義縣,686.0
104Q1,彰化縣,1620.0
104Q1,澎湖縣,88.0
104Q2,全國,70771.0
104Q2,台中市,10521.0
104Q2,台北市,6583.0
104Q2,台東縣,664.0
104Q2,台南市,4850.0
104Q2,宜蘭縣,1581.0
104Q2,花蓮縣,1088.0
104Q2,金門縣,68.0
104Q2,南投縣,770.0
104Q2,屏東縣,1451.0
104Q2,苗栗縣,1130.0
104Q2,桃園市,9394.0
104Q2,高雄市,8657.0
104Q2,基隆市,1256.0
104Q2,連江縣,
104Q2,雲林縣,1182.0
104Q2,新北市,12497.0
104Q2,新竹市,2988.0
104Q2,新竹縣,2671.0
104Q2,嘉義市,727.0
104Q2,嘉義縣,808.0
104Q2,彰化縣,1825.0
104Q2,澎湖縣,60.0
104Q3,全國,64850.0
104Q3,台中市,9194.0
104Q3,台北市,6572.0
104Q3,台東縣,461.0
104Q3,台南市,4596.0
104Q3,宜蘭縣,1241.0
104Q3,花蓮縣,1049.0
104Q3,金門縣,244.0
104Q3,南投縣,659.0
104Q3,屏東縣,1501.0
104Q3,苗栗縣,1260.0
104Q3,桃園市,8341.0
104Q3,高雄市,8169.0
104Q3,基隆市,1253.0
104Q3,連江縣,2.0
104Q3,雲林縣,869.0
104Q3,新北市,11401.0
104Q3,新竹市,2396.0
104Q3,新竹縣,2296.0
104Q3,嘉義市,770.0
104Q3,嘉義縣,632.0
104Q3,彰化縣,1891.0
104Q3,澎湖縣,53.0
104Q4,全國,93452.0
104Q4,台中市,14694.0
104Q4,台北市,10271.0
104Q4,台東縣,488.0
104Q4,台南市,7258.0
104Q4,宜蘭縣,2301.0
104Q4,花蓮縣,1046.0
104Q4,金門縣,203.0
104Q4,南投縣,951.0
104Q4,屏東縣,1712.0
104Q4,苗栗縣,1717.0
104Q4,桃園市,12256.0
104Q4,高雄市,10172.0
104Q4,基隆市,1537.0
104Q4,連江縣,
104Q4,雲林縣,1164.0
104Q4,新北市,15513.0
104Q4,新竹市,3072.0
104Q4,新竹縣,4542.0
104Q4,嘉義市,895.0
104Q4,嘉義縣,1109.0
104Q4,彰化縣,2408.0
104Q4,澎湖縣,143.0
105Q1,全國,43290.0
105Q1,台中市,6389.0
105Q1,台北市,3978.0
105Q1,台東縣,300.0
105Q1,台南市,3148.0
105Q1,宜蘭縣,841.0
105Q1,花蓮縣,537.0
105Q1,金門縣,152.0
105Q1,南投縣,439.0
105Q1,屏東縣,1006.0
105Q1,苗栗縣,818.0
105Q1,桃園市,6106.0
105Q1,高雄市,5713.0
105Q1,基隆市,1116.0
105Q1,連江縣,
105Q1,雲林縣,619.0
105Q1,新北市,7109.0
105Q1,新竹市,1205.0
105Q1,新竹縣,1691.0
105Q1,嘉義市,493.0
105Q1,嘉義縣,519.0
105Q1,彰化縣,1061.0
105Q1,澎湖縣,50.0
105Q2,全國,65399.0
105Q2,台中市,8708.0
105Q2,台北市,5220.0
105Q2,台東縣,309.0
105Q2,台南市,4259.0
105Q2,宜蘭縣,1318.0
105Q2,花蓮縣,719.0
105Q2,金門縣,213.0
105Q2,南投縣,568.0
105Q2,屏東縣,1157.0
105Q2,苗栗縣,1014.0
105Q2,桃園市,12053.0
105Q2,高雄市,8486.0
105Q2,基隆市,2708.0
105Q2,連江縣,1.0
105Q2,雲林縣,860.0
105Q2,新北市,10681.0
105Q2,新竹市,1964.0
105Q2,新竹縣,2407.0
105Q2,嘉義市,554.0
105Q2,嘉義縣,622.0
105Q2,彰化縣,1519.0
105Q2,澎湖縣,59.0
105Q3,全國,67206.0
105Q3,台中市,8165.0
105Q3,台北市,6622.0
105Q3,台東縣,262.0
105Q3,台南市,4332.0
105Q3,宜蘭縣,1400.0
105Q3,花蓮縣,696.0
105Q3,金門縣,118.0
105Q3,南投縣,548.0
105Q3,屏東縣,1095.0
105Q3,苗栗縣,1376.0
105Q3,桃園市,9453.0
105Q3,高雄市,8120.0
105Q3,基隆市,2393.0
105Q3,連江縣,
105Q3,雲林縣,864.0
105Q3,新北市,12110.0
105Q3,新竹市,3427.0
105Q3,新竹縣,3166.0
105Q3,嘉義市,819.0
105Q3,嘉義縣,715.0
105Q3,彰化縣,1465.0
105Q3,澎湖縣,60.0
105Q4,全國,69609.0
105Q4,台中市,9599.0
105Q4,台北市,5680.0
105Q4,台東縣,334.0
105Q4,台南市,4817.0
105Q4,宜蘭縣,1466.0
105Q4,花蓮縣,679.0
105Q4,金門縣,104.0
105Q4,南投縣,619.0
105Q4,屏東縣,1261.0
105Q4,苗栗縣,1467.0
105Q4,桃園市,9818.0
105Q4,高雄市,8960.0
105Q4,基隆市,2040.0
105Q4,連江縣,0.0
105Q4,雲林縣,959.0
105Q4,新北市,12869.0
105Q4,新竹市,2330.0
105Q4,新竹縣,3289.0
105Q4,嘉義市,678.0
105Q4,嘉義縣,731.0
105Q4,彰化縣,1822.0
105Q4,澎湖縣,87.0
106Q1,全國,59715.0
106Q1,台中市,8624.0
106Q1,台北市,5197.0
106Q1,台東縣,314.0
106Q1,台南市,4257.0
106Q1,宜蘭縣,1134.0
106Q1,花蓮縣,742.0
106Q1,金門縣,108.0
106Q1,南投縣,639.0
106Q1,屏東縣,1286.0
106Q1,苗栗縣,1178.0
106Q1,桃園市,7630.0
106Q1,高雄市,7765.0
106Q1,基隆市,1221.0
106Q1,連江縣,1.0
106Q1,雲林縣,845.0
106Q1,新北市,11981.0
106Q1,新竹市,1795.0
106Q1,新竹縣,2128.0
106Q1,嘉義市,734.0
106Q1,嘉義縣,594.0
106Q1,彰化縣,1476.0
106Q1,澎湖縣,66.0
106Q2,全國,69395.0
106Q2,台中市,10458.0
106Q2,台北市,5901.0
106Q2,台東縣,305.0
106Q2,台南市,4939.0
106Q2,宜蘭縣,1214.0
106Q2,花蓮縣,760.0
106Q2,金門縣,179.0
106Q2,南投縣,689.0
106Q2,屏東縣,1255.0
106Q2,苗栗縣,1358.0
106Q2,桃園市,9188.0
106Q2,高雄市,9147.0
106Q2,基隆市,1428.0
106Q2,連江縣,1.0
106Q2,雲林縣,1132.0
106Q2,新北市,13546.0
106Q2,新竹市,1946.0
106Q2,新竹縣,2384.0
106Q2,嘉義市,727.0
106Q2,嘉義縣,925.0
106Q2,彰化縣,1798.0
106Q2,澎湖縣,115.0
106Q3,全國,67920.0
106Q3,台中市,9844.0
106Q3,台北市,6053.0
106Q3,台東縣,302.0
106Q3,台南市,4994.0
106Q3,宜蘭縣,1204.0
106Q3,花蓮縣,739.0
106Q3,金門縣,159.0
106Q3,南投縣,594.0
106Q3,屏東縣,1204.0
106Q3,苗栗縣,1433.0
106Q3,桃園市,9194.0
106Q3,高雄市,8636.0
106Q3,基隆市,1540.0
106Q3,連江縣,
106Q3,雲林縣,854.0
106Q3,新北市,13288.0
106Q3,新竹市,1832.0
106Q3,新竹縣,2454.0
106Q3,嘉義市,784.0
106Q3,嘉義縣,961.0
106Q3,彰化縣,1777.0
106Q3,澎湖縣,74.0
106Q4,全國,69056.0
106Q4,台中市,10406.0
106Q4,台北市,6296.0
106Q4,台東縣,272.0
106Q4,台南市,5305.0
106Q4,宜蘭縣,1153.0
106Q4,花蓮縣,764.0
106Q4,金門縣,180.0
106Q4,南投縣,632.0
106Q4,屏東縣,1275.0
106Q4,苗栗縣,1318.0
106Q4,桃園市,9598.0
106Q4,高雄市,8427.0
106Q4,基隆市,1654.0
106Q4,連江縣,1.0
106Q4,雲林縣,889.0
106Q4,新北市,13179.0
106Q4,新竹市,1785.0
106Q4,新竹縣,2507.0
106Q4,嘉義市,903.0
106Q4,嘉義縣,661.0
106Q4,彰化縣,1766.0
106Q4,澎湖縣,85.0
107Q1,全國,66060.0
107Q1,台中市,9272.0
107Q1,台北市,6573.0
107Q1,台東縣,308.0
107Q1,台南市,5226.0
107Q1,宜蘭縣,1162.0
107Q1,花蓮縣,688.0
107Q1,金門縣,155.0
107Q1,南投縣,639.0
107Q1,屏東縣,1328.0
107Q1,苗栗縣,1338.0
107Q1,桃園市,7657.0
107Q1,高雄市,8029.0
107Q1,基隆市,1790.0
107Q1,連江縣,
107Q1,雲林縣,813.0
107Q1,新北市,12522.0
107Q1,新竹市,1641.0
107Q1,新竹縣,3326.0
107Q1,嘉義市,664.0
107Q1,嘉義縣,761.0
107Q1,彰化縣,2071.0
107Q1,澎湖縣,97.0
107Q2,全國,70070.0
107Q2,台中市,9724.0
107Q2,台北市,6626.0
107Q2,台東縣,310.0
107Q2,台南市,5548.0
107Q2,宜蘭縣,1375.0
107Q2,花蓮縣,643.0
107Q2,金門縣,166.0
107Q2,南投縣,696.0
107Q2,屏東縣,1304.0
107Q2,苗栗縣,1278.0
107Q2,桃園市,8885.0
107Q2,高雄市,8356.0
107Q2,基隆市,1373.0
107Q2,連江縣,1.0
107Q2,雲林縣,971.0
107Q2,新北市,14957.0
107Q2,新竹市,1810.0
107Q2,新竹縣,2561.0
107Q2,嘉義市,737.0
107Q2,嘉義縣,742.0
107Q2,彰化縣,1936.0
107Q2,澎湖縣,71.0
107Q3,全國,69702.0
107Q3,台中市,9355.0
107Q3,台北市,6853.0
107Q3,台東縣,340.0
107Q3,台南市,5076.0
107Q3,宜蘭縣,1257.0
107Q3,花蓮縣,722.0
107Q3,金門縣,193.0
107Q3,南投縣,616.0
107Q3,屏東縣,1234.0
107Q3,苗栗縣,1242.0
107Q3,桃園市,9065.0
107Q3,高雄市,8041.0
107Q3,基隆市,1340.0
107Q3,連江縣,0.0
107Q3,雲林縣,818.0
107Q3,新北市,14918.0
107Q3,新竹市,1952.0
107Q3,新竹縣,3253.0
107Q3,嘉義市,753.0
107Q3,嘉義縣,628.0
107Q3,彰化縣,1896.0
107Q3,澎湖縣,150.0
107Q4,全國,72135.0
107Q4,台中市,11453.0
107Q4,台北市,6780.0
107Q4,台東縣,350.0
107Q4,台南市,5166.0
107Q4,宜蘭縣,1211.0
107Q4,花蓮縣,675.0
107Q4,金門縣,142.0
107Q4,南投縣,741.0
107Q4,屏東縣,1580.0
107Q4,苗栗縣,1421.0
107Q4,桃園市,8973.0
107Q4,高雄市,8849.0
107Q4,基隆市,1391.0
107Q4,連江縣,0.0
107Q4,雲林縣,779.0
107Q4,新北市,14256.0
107Q4,新竹市,2228.0
107Q4,新竹縣,2616.0
107Q4,嘉義市,557.0
107Q4,嘉義縣,677.0
107Q4,彰化縣,2175.0
107Q4,澎湖縣,115.0
108Q1,全國,64224.0
108Q1,台中市,9283.0
108Q1,台北市,5771.0
108Q1,台東縣,253.0
108Q1,台南市,5350.0
108Q1,宜蘭縣,911.0
108Q1,花蓮縣,650.0
108Q1,金門縣,116.0
108Q1,南投縣,802.0
108Q1,屏東縣,1257.0
108Q1,苗栗縣,1101.0
108Q1,桃園市,7553.0
108Q1,高雄市,9304.0
108Q1,基隆市,1141.0
108Q1,連江縣,0.0
108Q1,雲林縣,860.0
108Q1,新北市,12699.0
108Q1,新竹市,1471.0
108Q1,新竹縣,2458.0
108Q1,嘉義市,683.0
108Q1,嘉義縣,571.0
108Q1,彰化縣,1909.0
108Q1,澎湖縣,81.0
108Q2,全國,78927.0
108Q2,台中市,10753.0
108Q2,台北市,7416.0
108Q2,台東縣,306.0
108Q2,台南市,6192.0
108Q2,宜蘭縣,1289.0
108Q2,花蓮縣,746.0
108Q2,金門縣,126.0
108Q2,南投縣,860.0
108Q2,屏東縣,1548.0
108Q2,苗栗縣,1408.0
108Q2,桃園市,10155.0
108Q2,高雄市,10380.0
108Q2,基隆市,1600.0
108Q2,連江縣,0.0
108Q2,雲林縣,1293.0
108Q2,新北市,15367.0
108Q2,新竹市,2235.0
108Q2,新竹縣,3321.0
108Q2,嘉義市,932.0
108Q2,嘉義縣,828.0
108Q2,彰化縣,2070.0
108Q2,澎湖縣,102.0
108Q3,全國,75640.0
108Q3,台中市,11031.0
108Q3,台北市,7166.0
108Q3,台東縣,332.0
108Q3,台南市,5635.0
108Q3,宜蘭縣,1301.0
108Q3,花蓮縣,789.0
108Q3,金門縣,173.0
108Q3,南投縣,775.0
108Q3,屏東縣,1388.0
108Q3,苗栗縣,1831.0
108Q3,桃園市,10518.0
108Q3,高雄市,8314.0
108Q3,基隆市,1619.0
108Q3,連江縣,0.0
108Q3,雲林縣,927.0
108Q3,新北市,15587.0
108Q3,新竹市,1878.0
108Q3,新竹縣,2225.0
108Q3,嘉義市,915.0
108Q3,嘉義縣,710.0
108Q3,彰化縣,2445.0
108Q3,澎湖縣,81.0
108Q4,全國,81484.0
108Q4,台中市,12371.0
108Q4,台北市,7390.0
108Q4,台東縣,293.0
108Q4,台南市,6005.0
108Q4,宜蘭縣,1497.0
108Q4,花蓮縣,762.0
108Q4,金門縣,151.0
108Q4,南投縣,673.0
108Q4,屏東縣,1627.0
108Q4,苗栗縣,1452.0
108Q4,桃園市,12158.0
108Q4,高雄市,9252.0
108Q4,基隆市,1522.0
108Q4,連江縣,0.0
108Q4,雲林縣,1126.0
108Q4,新北市,16382.0
108Q4,新竹市,2479.0
108Q4,新竹縣,2917.0
108Q4,嘉義市,778.0
108Q4,嘉義縣,719.0
108Q4,彰化縣,1813.0
108Q4,澎湖縣,117.0
109Q1,全國,69361.0
109Q1,台中市,10444.0
109Q1,台北市,6741.0
109Q1,台東縣,283.0
109Q1,台南市,5212.0
109Q1,宜蘭縣,1662.0
109Q1,花蓮縣,779.0
109Q1,金門縣,121.0
109Q1,南投縣,577.0
109Q1,屏東縣,1385.0
109Q1,苗栗縣,1154.0
109Q1,桃園市,9692.0
109Q1,高雄市,8014.0
109Q1,基隆市,1312.0
109Q1,連江縣,0.0
109Q1,雲林縣,1131.0
109Q1,新北市,13261.0
109Q1,新竹市,1829.0
109Q1,新竹縣,2542.0
109Q1,嘉義市,715.0
109Q1,嘉義縣,727.0
109Q1,彰化縣,1676.0
109Q1,澎湖縣,104.0
109Q2,全國,71017.0
109Q2,台中市,9676.0
109Q2,台北市,6715.0
109Q2,台東縣,320.0
109Q2,台南市,5292.0
109Q2,宜蘭縣,1136.0
109Q2,花蓮縣,902.0
109Q2,金門縣,130.0
109Q2,南投縣,676.0
109Q2,屏東縣,1572.0
109Q2,苗栗縣,1224.0
109Q2,桃園市,10333.0
109Q2,高雄市,8657.0
109Q2,基隆市,1365.0
109Q2,連江縣,0.0
109Q2,雲林縣,1015.0
109Q2,新北市,13914.0
109Q2,新竹市,1934.0
109Q2,新竹縣,3029.0
109Q2,嘉義市,810.0
109Q2,嘉義縣,603.0
109Q2,彰化縣,1642.0
109Q2,澎湖縣,72.0
109Q3,全國,91633.0
109Q3,台中市,13062.0
109Q3,台北市,8502.0
109Q3,台東縣,419.0
109Q3,台南市,6359.0
109Q3,宜蘭縣,1630.0
109Q3,花蓮縣,972.0
109Q3,金門縣,136.0
109Q3,南投縣,750.0
109Q3,屏東縣,1574.0
109Q3,苗栗縣,2151.0
109Q3,桃園市,13182.0
109Q3,高雄市,10358.0
109Q3,基隆市,1586.0
109Q3,連江縣,0.0
109Q3,雲林縣,1328.0
109Q3,新北市,18167.0
109Q3,新竹市,3983.0
109Q3,新竹縣,3430.0
109Q3,嘉義市,900.0
109Q3,嘉義縣,826.0
109Q3,彰化縣,2238.0
109Q3,澎湖縣,80.0
109Q4,全國,94578.0
109Q4,台中市,15441.0
109Q4,台北市,9222.0
109Q4,台東縣,528.0
109Q4,台南市,6181.0
109Q4,宜蘭縣,1503.0
109Q4,花蓮縣,934.0
109Q4,金門縣,197.0
109Q4,南投縣,745.0
109Q4,屏東縣,1649.0
109Q4,苗栗縣,1961.0
109Q4,桃園市,12505.0
109Q4,高雄市,11241.0
109Q4,基隆市,1729.0
109Q4,連江縣,8.0
109Q4,雲林縣,1290.0
109Q4,新北市,18004.0
109Q4,新竹市,4472.0
109Q4,新竹縣,3135.0
109Q4,嘉義市,895.0
109Q4,嘉義縣,961.0
109Q4,彰化縣,1862.0
109Q4,澎湖縣,115.0
110Q1,全國,80831.0
110Q1,台中市,12630.0
110Q1,台北市,7825.0
110Q1,台東縣,336.0
110Q1,台南市,5525.0
110Q1,宜蘭縣,1500.0
110Q1,花蓮縣,761.0
110Q1,金門縣,168.0
110Q1,南投縣,666.0
110Q1,屏東縣,1402.0
110Q1,苗栗縣,1661.0
110Q1,桃園市,11318.0
110Q1,高雄市,9626.0
110Q1,基隆市,1283.0
110Q1,連江縣,0.0
110Q1,雲林縣,1156.0
110Q1,新北市,15233.0
110Q1,新竹市,2966.0
110Q1,新竹縣,3073.0
110Q1,嘉義市,790.0
110Q1,嘉義縣,876.0
110Q1,彰化縣,1960.0
110Q1,澎湖縣,76.0
110Q2,全國,94314.0
110Q2,台中市,12920.0
110Q2,台北市,8678.0
110Q2,台東縣,585.0
110Q2,台南市,7923.0
110Q2,宜蘭縣,1879.0
110Q2,花蓮縣,989.0
110Q2,金門縣,210.0
110Q2,南投縣,779.0
110Q2,屏東縣,1668.0
110Q2,苗栗縣,1736.0
110Q2,桃園市,11892.0
110Q2,高雄市,12405.0
110Q2,基隆市,1568.0
110Q2,連江縣,1.0
110Q2,雲林縣,1309.0
110Q2,新北市,18483.0
110Q2,新竹市,3121.0
110Q2,新竹縣,3976.0
110Q2,嘉義市,1002.0
110Q2,嘉義縣,961.0
110Q2,彰化縣,2138.0
110Q2,澎湖縣,91.0
110Q3,全國,73734.0
110Q3,台中市,9598.0
110Q3,台北市,6371.0
110Q3,台東縣,386.0
110Q3,台南市,6640.0
110Q3,宜蘭縣,1483.0
110Q3,花蓮縣,1305.0
110Q3,金門縣,248.0
110Q3,南投縣,667.0
110Q3,屏東縣,1375.0
110Q3,苗栗縣,1429.0
110Q3,桃園市,9739.0
110Q3,高雄市,9271.0
110Q3,基隆市,1213.0
110Q3,連江縣,1.0
110Q3,雲林縣,938.0
110Q3,新北市,14107.0
110Q3,新竹市,2033.0
110Q3,新竹縣,3301.0
110Q3,嘉義市,853.0
110Q3,嘉義縣,1030.0
110Q3,彰化縣,1683.0
110Q3,澎湖縣,63.0
110Q4,全國,99315.0
110Q4,台中市,14842.0
110Q4,台北市,8027.0
110Q4,台東縣,390.0
110Q4,台南市,6664.0
110Q4,宜蘭縣,1987.0
110Q4,花蓮縣,1073.0
110Q4,金門縣,200.0
110Q4,南投縣,871.0
110Q4,屏東縣,1776.0
110Q4,苗栗縣,1984.0
110Q4,桃園市,13882.0
110Q4,高雄市,13595.0
110Q4,基隆市,1548.0
110Q4,連江縣,0.0
110Q4,雲林縣,1166.0
110Q4,新北市,20472.0
110Q4,新竹市,3006.0
110Q4,新竹縣,3621.0
110Q4,嘉義市,838.0
110Q4,嘉義縣,942.0
110Q4,彰化縣,2318.0
110Q4,澎湖縣,113.0
111Q1,全國,84776.0
111Q1,台中市,12740.0
111Q1,台北市,7835.0
111Q1,台東縣,408.0
111Q1,台南市,6091.0
111Q1,宜蘭縣,1909.0
111Q1,花蓮縣,861.0
111Q1,金門縣,133.0
111Q1,南投縣,771.0
111Q1,屏東縣,1841.0
111Q1,苗栗縣,1694.0
111Q1,桃園市,11338.0
111Q1,高雄市,10323.0
111Q1,基隆市,1997.0
111Q1,連江縣,1.0
111Q1,雲林縣,996.0
111Q1,新北市,16594.0
111Q1,新竹市,2011.0
111Q1,新竹縣,3536.0
111Q1,嘉義市,814.0
111Q1,嘉義縣,702.0
111Q1,彰化縣,2073.0
111Q1,澎湖縣,108.0
111Q2,全國,86026.0
111Q2,台中市,13099.0
111Q2,台北市,8267.0
111Q2,台東縣,650.0
111Q2,台南市,6410.0
111Q2,宜蘭縣,1845.0
111Q2,花蓮縣,817.0
111Q2,金門縣,152.0
111Q2,南投縣,804.0
111Q2,屏東縣,1773.0
111Q2,苗栗縣,1611.0
111Q2,桃園市,11185.0
111Q2,高雄市,10395.0
111Q2,基隆市,1617.0
111Q2,連江縣,0.0
111Q2,雲林縣,1244.0
111Q2,新北市,17228.0
111Q2,新竹市,2050.0
111Q2,新竹縣,2863.0
111Q2,嘉義市,836.0
111Q2,嘉義縣,730.0
111Q2,彰化縣,2347.0
111Q2,澎湖縣,103.0
111Q3,全國,76884.0
111Q3,台中市,11670.0
111Q3,台北市,6961.0
111Q3,台東縣,719.0
111Q3,台南市,6097.0
111Q3,宜蘭縣,1757.0
111Q3,花蓮縣,827.0
111Q3,金門縣,136.0
111Q3,南投縣,886.0
111Q3,屏東縣,1621.0
111Q3,苗栗縣,1447.0
111Q3,桃園市,10686.0
111Q3,高雄市,8963.0
111Q3,基隆市,1582.0
111Q3,連江縣,0.0
111Q3,雲林縣,1047.0
111Q3,新北市,14559.0
111Q3,新竹市,1737.0
111Q3,新竹縣,2822.0
111Q3,嘉義市,694.0
111Q3,嘉義縣,680.0
111Q3,彰化縣,1892.0
111Q3,澎湖縣,101.0
111Q4,全國,74170.0
111Q4,台中市,13279.0
111Q4,台北市,6042.0
111Q4,台東縣,333.0
111Q4,台南市,4980.0
111Q4,宜蘭縣,1621.0
111Q4,花蓮縣,856.0
111Q4,金門縣,159.0
111Q4,南投縣,686.0
111Q4,屏東縣,1587.0
111Q4,苗栗縣,1254.0
111Q4,桃園市,10728.0
111Q4,高雄市,8032.0
111Q4,基隆市,1385.0
111Q4,連江縣,0.0
111Q4,雲林縣,1341.0
111Q4,新北市,13077.0
111Q4,新竹市,1844.0
111Q4,新竹縣,3236.0
111Q4,嘉義市,592.0
111Q4,嘉義縣,998.0
111Q4,彰化縣,2009.0
111Q4,澎湖縣,131.0
112Q1,全國,64291.0
112Q1,台中市,9945.0
112Q1,台北市,5677.0
112Q1,台東縣,519.0
112Q1,台南市,4932.0
112Q1,宜蘭縣,1291.0
112Q1,花蓮縣,618.0
112Q1,金門縣,152.0
112Q1,南投縣,693.0
112Q1,屏東縣,1358.0
112Q1,苗栗縣,1128.0
112Q1,桃園市,8190.0
112Q1,高雄市,8025.0
112Q1,基隆市,1447.0
112Q1,連江縣,0.0
112Q1,雲林縣,954.0
112Q1,新北市,12521.0
112Q1,新竹市,1478.0
112Q1,新竹縣,2180.0
112Q1,嘉義市,783.0
112Q1,嘉義縣,780.0
112Q1,彰化縣,1530.0
112Q1,澎湖縣,90.0
112Q2,全國,74651.0
112Q2,台中市,11590.0
112Q2,台北市,7013.0
112Q2,台東縣,360.0
112Q2,台南市,5414.0
112Q2,宜蘭縣,1590.0
112Q2,花蓮縣,723.0
112Q2,金門縣,166.0
112Q2,南投縣,652.0
112Q2,屏東縣,1711.0
112Q2,苗栗縣,1517.0
112Q2,桃園市,9745.0
112Q2,高雄市,9258.0
112Q2,基隆市,1756.0
112Q2,連江縣,5.0
112Q2,雲林縣,1104.0
112Q2,新北市,14694.0
112Q2,新竹市,1745.0
112Q2,新竹縣,2079.0
112Q2,嘉義市,793.0
112Q2,嘉義縣,891.0
112Q2,彰化縣,1715.0
112Q2,澎湖縣,130.0
112Q3,全國,79812.0
112Q3,台中市,12439.0
112Q3,台北市,6965.0
112Q3,台東縣,516.0
112Q3,台南市,6302.0
112Q3,宜蘭縣,1511.0
112Q3,花蓮縣,803.0
112Q3,金門縣,146.0
112Q3,南投縣,739.0
112Q3,屏東縣,1462.0
112Q3,苗栗縣,1907.0
112Q3,桃園市,11512.0
112Q3,高雄市,8974.0
112Q3,基隆市,1848.0
112Q3,連江縣,1.0
112Q3,雲林縣,1146.0
112Q3,新北市,14969.0
112Q3,新竹市,2735.0
112Q3,新竹縣,2422.0
112Q3,嘉義市,692.0
112Q3,嘉義縣,730.0
112Q3,彰化縣,1865.0
112Q3,澎湖縣,128.0
112Q4,全國,88217.0
112Q4,台中市,13719.0
112Q4,台北市,7080.0
112Q4,台東縣,427.0
112Q4,台南市,8300.0
112Q4,宜蘭縣,1653.0
112Q4,花蓮縣,794.0
112Q4,金門縣,164.0
112Q4,南投縣,1156.0
112Q4,屏東縣,1658.0
112Q4,苗栗縣,1777.0
112Q4,桃園市,11259.0
112Q4,高雄市,10009.0
112Q4,基隆市,1552.0
112Q4,連江縣,1.0
112Q4,雲林縣,1337.0
112Q4,新北市,17825.0
112Q4,新竹市,2367.0
112Q4,新竹縣,3160.0
112Q4,嘉義市,956.0
112Q4,嘉義縣,746.0
112Q4,彰化縣,2170.0
112Q4,澎湖縣,107.0
113Q1,全國,81013.0
113Q1,台中市,12130.0
113Q1,台北市,7307.0
113Q1,台東縣,407.0
113Q1,台南市,6865.0
113Q1,宜蘭縣,1691.0
113Q1,花蓮縣,825.0
113Q1,金門縣,177.0
113Q1,南投縣,790.0
113Q1,屏東縣,1822.0
113Q1,苗栗縣,1495.0
113Q1,桃園市,11063.0
113Q1,高雄市,10435.0
113Q1,基隆市,1441.0
113Q1,連江縣,0.0
113Q1,雲林縣,1283.0
113Q1,新北市,15092.0
113Q1,新竹市,2045.0
113Q1,新竹縣,2560.0
113Q1,嘉義市,830.0
113Q1,嘉義縣,890.0
113Q1,彰化縣,1745.0
113Q1,澎湖縣,120.0
113Q2,全國,95765.0
113Q2,台中市,13718.0
113Q2,台北市,8149.0
113Q2,台東縣,337.0
113Q2,台南市,7670.0
113Q2,宜蘭縣,1917.0
113Q2,花蓮縣,799.0
113Q2,金門縣,141.0
113Q2,南投縣,924.0
113Q2,屏東縣,2019.0
113Q2,苗栗縣,1657.0
113Q2,桃園市,12627.0
113Q2,高雄市,13444.0
113Q2,基隆市,2310.0
113Q2,連江縣,1.0
113Q2,雲林縣,1100.0
113Q2,新北市,17998.0
113Q2,新竹市,2600.0
113Q2,新竹縣,3688.0
113Q2,嘉義市,928.0
113Q2,嘉義縣,952.0
113Q2,彰化縣,2660.0
113Q2,澎湖縣,126.0
113Q3,全國,94350.0
113Q3,台中市,15998.0
113Q3,台北市,7772.0
113Q3,台東縣,425.0
113Q3,台南市,7025.0
113Q3,宜蘭縣,1852.0
113Q3,花蓮縣,727.0
113Q3,金門縣,123.0
113Q3,南投縣,874.0
113Q3,屏東縣,1716.0
113Q3,苗栗縣,1674.0
113Q3,桃園市,13577.0
113Q3,高雄市,11834.0
113Q3,基隆市,1966.0
113Q3,連江縣,183.0
113Q3,雲林縣,1563.0
113Q3,新北市,17693.0
113Q3,新竹市,2164.0
113Q3,新竹縣,2968.0
113Q3,嘉義市,863.0
113Q3,嘉義縣,868.0
113Q3,彰化縣,2380.0
113Q3,澎湖縣,105.0
113Q4,全國,79397.0
113Q4,台中市,13150.0
113Q4,台北市,6702.0
113Q4,台東縣,437.0
113Q4,台南市,6223.0
113Q4,宜蘭縣,1435.0
113Q4,花蓮縣,681.0
113Q4,金門縣,146.0
113Q4,南投縣,993.0
113Q4,屏東縣,1308.0
113Q4,苗栗縣,2150.0
113Q4,桃園市,11922.0
113Q4,高雄市,9529.0
113Q4,基隆市,1519.0
113Q4,連江縣,19.0
113Q4,雲林縣,1255.0
113Q4,新北市,13386.0
113Q4,新竹市,1428.0
113Q4,新竹縣,2682.0
113Q4,嘉義市,626.0
113Q4,嘉義縣,1089.0
113Q4,彰化縣,2618.0
113Q4,澎湖縣,99.0
114Q1,全國,63101.0
114Q1,台中市,10543.0
114Q1,台北市,5856.0
114Q1,台東縣,280.0
114Q1,台南市,4188.0
114Q1,宜蘭縣,1505.0
114Q1,花蓮縣,549.0
114Q1,金門縣,143.0
114Q1,南投縣,804.0
114Q1,屏東縣,1390.0
114Q1,苗栗縣,1466.0
114Q1,桃園市,9265.0
114Q1,高雄市,8000.0
114Q1,基隆市,982.0
114Q1,連江縣,0.0
114Q1,雲林縣,860.0
114Q1,新北市,10183.0
114Q1,新竹市,1401.0
114Q1,新竹縣,2227.0
114Q1,嘉義市,513.0
114Q1,嘉義縣,1072.0
114Q1,彰化縣,1809.0
114Q1,澎湖縣,65.0
114Q2,全國,67050.0
114Q2,台中市,9718.0
114Q2,台北市,5892.0
114Q2,台東縣,363.0
114Q2,台南市,5645.0
114Q2,宜蘭縣,1312.0
114Q2,花蓮縣,583.0
114Q2,金門縣,146.0
114Q2,南投縣,613.0
114Q2,屏東縣,1566.0
114Q2,苗栗縣,1763.0
114Q2,桃園市,10377.0
114Q2,高雄市,7705.0
114Q2,基隆市,1059.0
114Q2,連江縣,0.0
114Q2,雲林縣,1014.0
114Q2,新北市,12830.0
114Q2,新竹市,1302.0
114Q2,新竹縣,2060.0
114Q2,嘉義市,717.0
114Q2,嘉義縣,706.0
114Q2,彰化縣,1559.0
114Q2,澎湖縣,120.0
114Q3,全國,64825.0
114Q3,台中市,11001.0
114Q3,台北市,5552.0
114Q3,台東縣,301.0
114Q3,台南市,4760.0
114Q3,宜蘭縣,1151.0
114Q3,花蓮縣,509.0
114Q3,金門縣,133.0
114Q3,南投縣,637.0
114Q3,屏東縣,1265.0
114Q3,苗栗縣,1219.0
114Q3,桃園市,10700.0
114Q3,高雄市,7669.0
114Q3,基隆市,1062.0
114Q3,連江縣,0.0
114Q3,雲林縣,1112.0
114Q3,新北市,11912.0
114Q3,新竹市,1024.0
114Q3,新竹縣,1870.0
114Q3,嘉義市,752.0
114Q3,嘉義縣,566.0
114Q3,彰化縣,1540.0
114Q3,澎湖縣,90.0
114Q4,全國,66332.0
114Q4,台中市,11228.0
114Q4,台北市,5834.0
114Q4,台東縣,258.0
114Q4,台南市,5180.0
114Q4,宜蘭縣,1299.0
114Q4,花蓮縣,534.0
114Q4,金門縣,171.0
114Q4,南投縣,783.0
114Q4,屏東縣,1174.0
114Q4,苗栗縣,1249.0
114Q4,桃園市,9986.0
114Q4,高雄市,7822.0
114Q4,基隆市,986.0
114Q4,連江縣,14.0
114Q4,雲林縣,1129.0
114Q4,新北市,12750.0
114Q4,新竹市,1033.0
114Q4,新竹縣,2094.0
114Q4,嘉義市,487.0
114Q4,嘉義縣,556.0
114Q4,彰化縣,1699.0
114Q4,澎湖縣,66.0
115Q1,全國,
115Q1,台中市,
115Q1,台北市,
115Q1,台東縣,
115Q1,台南市,
115Q1,宜蘭縣,
115Q1,花蓮縣,
115Q1,金門縣,
115Q1,南投縣,
115Q1,屏東縣,
115Q1,苗栗縣,
115Q1,桃園市,
115Q1,高雄市,
115Q1,基隆市,
115Q1,連江縣,
115Q1,雲林縣,
115Q1,新北市,
115Q1,新竹市,
115Q1,新竹縣,
115Q1,嘉義市,
115Q1,嘉義縣,
115Q1,彰化縣,
115Q1,澎湖縣,
